CREATE DATABASE  IF NOT EXISTS `sacomici_concebir` /*!40100 DEFAULT CHARACTER SET utf8mb4 COLLATE utf8mb4_0900_ai_ci */ /*!80016 DEFAULT ENCRYPTION='N' */;
USE `sacomici_concebir`;
-- MySQL dump 10.13  Distrib 8.0.19, for Win64 (x86_64)
--
-- Host: localhost    Database: sacomici_concebir
-- ------------------------------------------------------
-- Server version	8.0.19

/*!40101 SET @OLD_CHARACTER_SET_CLIENT=@@CHARACTER_SET_CLIENT */;
/*!40101 SET @OLD_CHARACTER_SET_RESULTS=@@CHARACTER_SET_RESULTS */;
/*!40101 SET @OLD_COLLATION_CONNECTION=@@COLLATION_CONNECTION */;
/*!50503 SET NAMES utf8 */;
/*!40103 SET @OLD_TIME_ZONE=@@TIME_ZONE */;
/*!40103 SET TIME_ZONE='+00:00' */;
/*!40014 SET @OLD_UNIQUE_CHECKS=@@UNIQUE_CHECKS, UNIQUE_CHECKS=0 */;
/*!40014 SET @OLD_FOREIGN_KEY_CHECKS=@@FOREIGN_KEY_CHECKS, FOREIGN_KEY_CHECKS=0 */;
/*!40101 SET @OLD_SQL_MODE=@@SQL_MODE, SQL_MODE='NO_AUTO_VALUE_ON_ZERO' */;
/*!40111 SET @OLD_SQL_NOTES=@@SQL_NOTES, SQL_NOTES=0 */;

--
-- Table structure for table `api_doctores`
--

DROP TABLE IF EXISTS `api_doctores`;
/*!40101 SET @saved_cs_client     = @@character_set_client */;
/*!50503 SET character_set_client = utf8mb4 */;
CREATE TABLE `api_doctores` (
  `id_medico` varchar(50) NOT NULL,
  `id_consultorio` varchar(45) NOT NULL,
  `medico` varchar(50) DEFAULT NULL,
  PRIMARY KEY (`id_medico`,`id_consultorio`)
) ENGINE=InnoDB DEFAULT CHARSET=latin1;
/*!40101 SET character_set_client = @saved_cs_client */;

--
-- Dumping data for table `api_doctores`
--

LOCK TABLES `api_doctores` WRITE;
/*!40000 ALTER TABLE `api_doctores` DISABLE KEYS */;
/*!40000 ALTER TABLE `api_doctores` ENABLE KEYS */;
UNLOCK TABLES;

--
-- Table structure for table `api_especialidades`
--

DROP TABLE IF EXISTS `api_especialidades`;
/*!40101 SET @saved_cs_client     = @@character_set_client */;
/*!50503 SET character_set_client = utf8mb4 */;
CREATE TABLE `api_especialidades` (
  `id_consultorio` varchar(50) NOT NULL,
  `descripcion` varchar(100) DEFAULT NULL,
  PRIMARY KEY (`id_consultorio`)
) ENGINE=InnoDB DEFAULT CHARSET=latin1;
/*!40101 SET character_set_client = @saved_cs_client */;

--
-- Dumping data for table `api_especialidades`
--

LOCK TABLES `api_especialidades` WRITE;
/*!40000 ALTER TABLE `api_especialidades` DISABLE KEYS */;
/*!40000 ALTER TABLE `api_especialidades` ENABLE KEYS */;
UNLOCK TABLES;

--
-- Table structure for table `api_horas`
--

DROP TABLE IF EXISTS `api_horas`;
/*!40101 SET @saved_cs_client     = @@character_set_client */;
/*!50503 SET character_set_client = utf8mb4 */;
CREATE TABLE `api_horas` (
  `id_medico` varchar(45) NOT NULL,
  `id_consultorio` varchar(45) NOT NULL,
  `id_subconsultorio` varchar(45) NOT NULL,
  `fecha` date NOT NULL,
  `hora` time NOT NULL,
  `reservada` tinyint(1) DEFAULT NULL,
  PRIMARY KEY (`id_medico`,`id_consultorio`,`id_subconsultorio`,`fecha`,`hora`)
) ENGINE=InnoDB DEFAULT CHARSET=latin1;
/*!40101 SET character_set_client = @saved_cs_client */;

--
-- Dumping data for table `api_horas`
--

LOCK TABLES `api_horas` WRITE;
/*!40000 ALTER TABLE `api_horas` DISABLE KEYS */;
/*!40000 ALTER TABLE `api_horas` ENABLE KEYS */;
UNLOCK TABLES;

--
-- Table structure for table `calificacion`
--

DROP TABLE IF EXISTS `calificacion`;
/*!40101 SET @saved_cs_client     = @@character_set_client */;
/*!50503 SET character_set_client = utf8mb4 */;
CREATE TABLE `calificacion` (
  `idCalificacion` int NOT NULL,
  `idCliente` int DEFAULT NULL,
  `idCalificado` int DEFAULT NULL,
  `tipoCalificado` varchar(45) DEFAULT NULL,
  `estadoCalificacion` varchar(45) DEFAULT NULL,
  `numCalificacion` varchar(45) DEFAULT NULL,
  PRIMARY KEY (`idCalificacion`)
) ENGINE=InnoDB DEFAULT CHARSET=utf8mb4 COLLATE=utf8mb4_0900_ai_ci;
/*!40101 SET character_set_client = @saved_cs_client */;

--
-- Dumping data for table `calificacion`
--

LOCK TABLES `calificacion` WRITE;
/*!40000 ALTER TABLE `calificacion` DISABLE KEYS */;
/*!40000 ALTER TABLE `calificacion` ENABLE KEYS */;
UNLOCK TABLES;

--
-- Table structure for table `cita`
--

DROP TABLE IF EXISTS `cita`;
/*!40101 SET @saved_cs_client     = @@character_set_client */;
/*!50503 SET character_set_client = utf8mb4 */;
CREATE TABLE `cita` (
  `cita_id` int NOT NULL AUTO_INCREMENT,
  `cita_fecha` datetime DEFAULT NULL,
  `usuario_idmedico` int DEFAULT NULL,
  `usuario_idpaciente` int DEFAULT NULL,
  `especialidad_id` int DEFAULT NULL,
  `sede_id` int DEFAULT NULL,
  `cita_fechareg` datetime DEFAULT NULL,
  `cita_activo` int DEFAULT NULL,
  `cita_eliminado` int DEFAULT NULL,
  `usuario_idreg` int DEFAULT NULL,
  `horario_id` int DEFAULT NULL,
  `cita_precio` double DEFAULT NULL,
  `estatus_id` int DEFAULT NULL,
  PRIMARY KEY (`cita_id`)
) ENGINE=InnoDB AUTO_INCREMENT=94 DEFAULT CHARSET=utf8mb4 COLLATE=utf8mb4_0900_ai_ci;
/*!40101 SET character_set_client = @saved_cs_client */;

--
-- Dumping data for table `cita`
--

LOCK TABLES `cita` WRITE;
/*!40000 ALTER TABLE `cita` DISABLE KEYS */;
INSERT INTO `cita` VALUES (1,'1900-11-15 02:00:00',7,3,1,1,'2020-06-08 23:56:07',0,1,1,NULL,NULL,NULL),(2,'2020-06-17 04:00:00',2,3,1,2,'2020-06-08 23:56:29',0,1,1,NULL,NULL,NULL),(3,'2020-06-15 00:00:00',7,1,1,1,'2020-06-09 13:38:25',1,0,1,NULL,NULL,NULL),(4,'2020-06-24 18:45:00',7,1,1,1,'2020-06-10 19:00:40',1,0,1,NULL,NULL,NULL),(5,'2020-06-15 12:30:00',7,1,4,0,'2020-06-10 19:20:35',1,0,1,NULL,NULL,NULL),(6,'2020-06-15 12:30:00',7,1,1,0,'2020-06-10 19:41:44',0,1,1,NULL,23,5),(7,'2020-06-24 14:15:00',10,1,5,1,'2020-06-10 21:17:26',0,1,1,NULL,40,5),(8,'2020-06-15 13:00:00',7,1,5,1,'2020-06-10 21:39:41',0,1,1,NULL,23,5),(9,'2020-06-15 16:45:00',7,17,5,1,'2020-06-10 22:01:13',0,1,17,NULL,23,4),(10,'2020-06-26 19:45:00',10,17,5,1,'2020-06-10 22:02:53',0,1,17,NULL,40,4),(11,'2020-06-15 12:45:00',7,1,5,1,'2020-06-11 09:23:42',0,1,1,NULL,23,5),(12,'2020-06-15 12:45:00',7,1,5,1,'2020-06-11 09:27:15',0,1,1,NULL,23,4),(13,'2020-06-11 18:15:00',25,33,5,1,'2020-06-11 09:27:15',0,1,1,NULL,23,8),(14,'2020-06-12 14:15:00',7,1,5,1,'2020-06-12 16:11:36',0,1,1,NULL,23,5),(15,'2020-06-12 14:30:00',7,1,5,1,'2020-06-12 16:27:08',0,1,1,NULL,23,5),(16,'2020-06-12 14:35:00',7,34,5,1,'2020-06-12 16:34:15',0,1,34,NULL,23,6),(17,'2020-06-12 14:40:00',7,34,5,1,'2020-06-12 16:37:58',1,0,34,NULL,23,6),(25,'2020-06-13 12:00:00',7,31,5,1,'2020-06-13 12:53:05',1,0,31,NULL,23,6),(26,'2020-06-24 13:00:00',7,1,5,2,'2020-06-16 08:35:27',1,0,1,NULL,23,4),(27,'2020-06-24 19:00:00',7,31,5,1,'2020-06-16 09:44:07',1,0,31,NULL,23,4),(28,'2020-06-16 12:03:00',7,17,6,6,'2020-06-16 13:55:01',1,0,17,NULL,23,6),(29,'2020-06-15 12:30:00',7,37,6,6,'2020-06-16 23:24:56',1,0,37,NULL,23,4),(32,'2020-06-16 23:20:00',7,35,5,6,'2020-06-17 01:00:54',1,0,35,NULL,23,6),(33,'2020-06-17 11:00:00',7,35,7,6,'2020-06-17 12:34:08',1,0,35,NULL,23,6),(34,'2020-06-17 11:30:00',7,17,5,6,'2020-06-17 13:22:00',1,0,17,NULL,23,6),(35,'2020-06-17 12:00:00',7,35,5,6,'2020-06-17 13:31:01',1,0,7,NULL,NULL,NULL),(36,'2020-06-17 11:39:00',7,35,6,6,'2020-06-17 13:34:48',1,0,35,NULL,23,6),(37,'2020-06-17 11:45:00',7,38,6,6,'2020-06-17 13:41:28',1,0,38,NULL,23,4),(38,'2020-06-17 11:45:00',7,38,6,6,'2020-06-17 13:42:24',1,0,38,NULL,23,5),(39,'2020-06-17 20:15:00',7,1,5,6,'2020-06-18 12:46:04',1,0,1,NULL,23,4),(40,'2020-06-22 09:10:00',7,35,7,6,'2020-06-17 12:34:08',1,0,35,NULL,23,6),(41,'2020-07-20 16:00:00',43,1,5,1,'2020-07-01 20:50:55',1,0,1,NULL,100,4),(42,'2020-07-14 09:45:00',43,1,5,2,'2020-07-02 11:50:51',1,0,1,NULL,100,6),(43,'2020-07-02 10:15:00',41,55,5,2,'2020-07-02 17:59:27',1,0,55,NULL,100,6),(44,'2020-07-30 14:15:00',47,58,5,9,'2020-07-03 20:32:22',1,0,58,NULL,100,4),(45,'2020-07-04 09:30:00',43,59,5,2,'2020-07-04 13:28:07',1,0,59,NULL,100,4),(46,'2020-07-03 12:15:00',41,59,5,9,'2020-07-04 13:36:46',1,0,59,NULL,100,4),(47,'2020-07-03 12:00:00',41,59,5,9,'2020-07-04 13:37:36',1,0,59,NULL,100,4),(48,'2020-07-06 14:15:00',41,59,5,2,'2020-07-04 13:47:54',1,0,59,NULL,100,4),(49,'2020-07-27 15:45:00',43,60,5,1,'2020-07-04 15:57:18',1,0,60,NULL,100,4),(50,'2020-07-18 11:30:00',43,1,5,2,'2020-07-04 20:43:17',0,1,1,NULL,100,4),(51,'2020-07-07 11:30:00',41,60,5,2,'2020-07-06 12:31:40',1,0,60,NULL,100,4),(52,'2020-07-18 12:15:00',41,60,5,2,'2020-07-06 12:41:21',1,0,60,NULL,100,4),(53,'2020-07-10 15:00:00',41,60,5,2,'2020-07-06 12:41:27',1,0,60,NULL,100,4),(54,'2020-07-29 15:15:00',41,65,5,2,'2020-07-15 12:24:31',1,0,65,NULL,400,5),(55,'2020-07-30 12:45:00',43,65,5,2,'2020-07-15 12:46:21',1,0,65,NULL,100,6),(56,'2020-07-17 15:00:00',41,67,5,2,'2020-07-16 20:41:07',1,0,67,NULL,400,4),(57,'2020-07-24 14:00:00',41,70,5,2,'2020-07-23 12:17:17',1,0,70,NULL,400,4),(58,'2020-07-31 16:00:00',52,72,5,1,'2020-07-30 17:45:05',1,0,72,NULL,100,6),(59,'2020-07-31 10:00:00',41,78,5,2,'2020-07-31 19:47:42',1,0,78,NULL,400,4),(60,'2020-07-31 10:45:00',41,78,5,2,'2020-07-31 19:48:20',1,0,78,NULL,400,4),(61,'2020-07-31 11:30:00',41,78,5,2,'2020-07-31 19:50:23',1,0,78,NULL,400,4),(62,'2020-07-31 11:45:00',41,79,5,2,'2020-08-03 18:22:26',1,0,79,NULL,400,4),(63,'2020-07-31 12:00:00',41,79,5,2,'2020-08-03 18:51:19',1,0,79,NULL,400,4),(64,'2020-07-31 11:15:00',43,77,5,2,'2020-08-06 21:01:16',1,0,77,NULL,100,5),(65,'2020-07-22 15:15:00',41,1,5,2,'2020-08-14 18:09:23',1,0,1,NULL,400,4),(66,'2020-07-08 10:00:00',44,1,5,2,'2020-08-14 18:19:20',1,0,1,NULL,100,4),(67,'2020-07-15 14:30:00',41,67,5,2,'2020-08-14 19:54:57',1,0,67,NULL,400,4),(68,'2020-07-02 10:30:00',41,1,5,2,'2020-08-14 20:03:02',1,0,1,NULL,400,4),(69,'2020-07-02 10:30:00',41,1,5,2,'2020-08-14 20:05:59',1,0,1,NULL,400,4),(70,'2020-07-04 11:30:00',41,1,5,2,'2020-08-14 23:49:09',1,0,1,NULL,400,4),(71,'2020-07-03 14:45:00',41,1,5,2,'2020-08-14 23:52:07',1,0,1,NULL,400,4),(72,'2020-07-31 15:15:00',41,1,5,2,'2020-08-14 23:56:02',1,0,1,NULL,400,4),(73,'2020-07-31 15:30:00',41,1,5,2,'2020-08-15 01:27:55',1,0,1,NULL,400,4),(74,'2020-07-20 12:30:00',52,1,5,1,'2020-08-15 03:19:25',1,0,1,NULL,100,4),(75,'2020-09-18 10:00:00',54,14,5,8,'2020-08-18 19:05:28',1,0,1,NULL,NULL,NULL),(76,'2011-11-11 00:00:00',49,17,5,5,'2020-08-18 19:06:09',1,0,1,NULL,NULL,NULL),(77,'2020-08-20 00:00:00',42,29,5,5,'2020-08-18 19:21:32',1,0,1,NULL,NULL,NULL),(78,'2020-07-01 14:00:00',41,81,5,2,'2020-08-18 19:57:14',1,0,81,NULL,400,5),(79,'2020-07-31 15:45:00',41,1,5,2,'2020-08-19 17:29:48',1,0,1,NULL,400,6),(80,'2020-08-24 02:00:00',41,1,5,5,'2020-08-24 03:47:23',1,0,1,NULL,NULL,NULL),(81,'2020-07-22 14:15:00',41,81,5,2,'2020-08-24 04:00:04',1,0,81,NULL,400,6),(82,'2020-07-07 09:30:00',47,82,5,1,'2020-08-24 11:22:09',1,0,82,NULL,100,4),(83,'2020-07-03 16:15:00',41,83,5,2,'2020-08-24 12:23:10',1,0,83,NULL,400,4),(84,'2020-07-01 14:00:00',41,81,5,2,'2020-08-24 16:59:37',1,0,81,NULL,400,4),(85,'2020-07-31 14:45:00',41,67,5,2,'2020-08-24 17:09:13',1,0,67,NULL,400,4),(86,'2020-07-22 15:15:00',41,67,5,2,'2020-08-24 17:33:16',1,0,67,NULL,400,4),(87,'2020-07-07 12:00:00',48,1,5,2,'2020-08-28 11:00:42',1,0,1,NULL,100,4),(88,'2020-07-24 09:15:00',48,1,5,8,'2020-08-28 11:03:19',1,0,1,NULL,100,4),(89,'2020-07-07 13:15:00',43,1,5,2,'2020-08-30 00:43:33',1,0,1,NULL,100,4),(90,'2020-07-14 10:45:00',41,67,5,2,'2020-08-30 03:00:45',1,0,67,NULL,400,4),(91,'2020-07-31 16:15:00',41,1,5,2,'2020-09-01 18:32:39',1,0,1,NULL,400,4),(92,'2020-07-31 16:15:00',41,1,5,2,'2020-09-01 18:35:03',1,0,1,NULL,400,4),(93,'2020-07-31 16:15:00',41,67,5,2,'2020-09-01 18:47:13',1,0,67,NULL,400,4);
/*!40000 ALTER TABLE `cita` ENABLE KEYS */;
UNLOCK TABLES;

--
-- Table structure for table `comprobante`
--

DROP TABLE IF EXISTS `comprobante`;
/*!40101 SET @saved_cs_client     = @@character_set_client */;
/*!50503 SET character_set_client = utf8mb4 */;
CREATE TABLE `comprobante` (
  `id` int NOT NULL AUTO_INCREMENT,
  `descripcion` varchar(45) DEFAULT NULL,
  `codsunat` varchar(2) DEFAULT NULL,
  `codNubefact` varchar(1) DEFAULT NULL,
  PRIMARY KEY (`id`)
) ENGINE=InnoDB AUTO_INCREMENT=3 DEFAULT CHARSET=utf8mb4 COLLATE=utf8mb4_0900_ai_ci;
/*!40101 SET character_set_client = @saved_cs_client */;

--
-- Dumping data for table `comprobante`
--

LOCK TABLES `comprobante` WRITE;
/*!40000 ALTER TABLE `comprobante` DISABLE KEYS */;
INSERT INTO `comprobante` VALUES (1,'FACTURA','01','1'),(2,'BOLETA','03','2');
/*!40000 ALTER TABLE `comprobante` ENABLE KEYS */;
UNLOCK TABLES;

--
-- Table structure for table `documento`
--

DROP TABLE IF EXISTS `documento`;
/*!40101 SET @saved_cs_client     = @@character_set_client */;
/*!50503 SET character_set_client = utf8mb4 */;
CREATE TABLE `documento` (
  `id` int NOT NULL AUTO_INCREMENT,
  `descripcion` varchar(50) DEFAULT NULL,
  `codsunat` varchar(2) DEFAULT NULL,
  PRIMARY KEY (`id`)
) ENGINE=InnoDB AUTO_INCREMENT=6 DEFAULT CHARSET=utf8mb4 COLLATE=utf8mb4_0900_ai_ci;
/*!40101 SET character_set_client = @saved_cs_client */;

--
-- Dumping data for table `documento`
--

LOCK TABLES `documento` WRITE;
/*!40000 ALTER TABLE `documento` DISABLE KEYS */;
INSERT INTO `documento` VALUES (1,'DOC.TRIB.NO.DOM.SIN.RUC','0'),(2,'Documento Nacional de Identidad','1'),(3,'Carnet de extranjería','4'),(4,'Registro Unico de Contributentes','6'),(5,'Pasaporte','7');
/*!40000 ALTER TABLE `documento` ENABLE KEYS */;
UNLOCK TABLES;

--
-- Table structure for table `empresa`
--

DROP TABLE IF EXISTS `empresa`;
/*!40101 SET @saved_cs_client     = @@character_set_client */;
/*!50503 SET character_set_client = utf8mb4 */;
CREATE TABLE `empresa` (
  `ruc` varchar(15) NOT NULL,
  `razonSocial` varchar(100) DEFAULT NULL,
  `direccion` varchar(100) DEFAULT NULL,
  `urlServicio` varchar(200) DEFAULT NULL,
  `urlNubeFact` varchar(200) DEFAULT NULL,
  `tokenNubeFact` varchar(200) DEFAULT NULL,
  PRIMARY KEY (`ruc`)
) ENGINE=InnoDB DEFAULT CHARSET=utf8mb4 COLLATE=utf8mb4_0900_ai_ci;
/*!40101 SET character_set_client = @saved_cs_client */;

--
-- Dumping data for table `empresa`
--

LOCK TABLES `empresa` WRITE;
/*!40000 ALTER TABLE `empresa` DISABLE KEYS */;
INSERT INTO `empresa` VALUES ('10453440252','Ruben Kelvin Cabezas','Yungay','https://104.200.144.70/api/facturacion/nubefact','https://api.nubefact.com/api/v1/b2741188-e5ad-4f75-bf4e-860a91e085df','ef3e527598cf49b18bdbf12cdc8f9dc9fbfab4982c0b4a97b2d22c4e62d43e17');
/*!40000 ALTER TABLE `empresa` ENABLE KEYS */;
UNLOCK TABLES;

--
-- Table structure for table `especialidad`
--

DROP TABLE IF EXISTS `especialidad`;
/*!40101 SET @saved_cs_client     = @@character_set_client */;
/*!50503 SET character_set_client = utf8mb4 */;
CREATE TABLE `especialidad` (
  `especialidad_id` int NOT NULL AUTO_INCREMENT,
  `especialidad_nombre` varchar(255) DEFAULT NULL,
  `especialidad_codigoexterno` varchar(255) DEFAULT NULL,
  `especialidad_img` varchar(255) DEFAULT NULL,
  `especialidad_activo` int DEFAULT NULL,
  `especialidad_eliminado` int DEFAULT NULL,
  `especialidad_fechareg` datetime DEFAULT NULL,
  `especialidad_consede` int DEFAULT NULL,
  PRIMARY KEY (`especialidad_id`)
) ENGINE=InnoDB AUTO_INCREMENT=10 DEFAULT CHARSET=utf8mb4 COLLATE=utf8mb4_0900_ai_ci;
/*!40101 SET character_set_client = @saved_cs_client */;

--
-- Dumping data for table `especialidad`
--

LOCK TABLES `especialidad` WRITE;
/*!40000 ALTER TABLE `especialidad` DISABLE KEYS */;
INSERT INTO `especialidad` VALUES (1,'CIRUGIA GENERAL','CGZ006','1.JPG',0,1,NULL,NULL),(2,'CIRUGIA ONCOLOGICA','CGZ007','2.JPG',0,1,NULL,NULL),(3,'12','23','5edf9aff40e2c.png',0,1,'2020-06-08 22:52:18',NULL),(4,'Virtual','','',0,1,'2020-06-10 19:06:36',0),(5,'Ginecología','','5efe87b49ea05.png',1,0,'2020-06-10 20:52:58',1),(6,'Cardiología','','5ee1734cd6f94.png',0,1,'2020-06-10 20:57:00',1),(7,'Dermatología','','5ee1735746bf9.png',0,1,'2020-06-10 20:57:11',6),(8,'Psicología','','',1,0,'2020-06-13 12:13:47',6),(9,'MEDICO','122123','5f023c7336b0e.jpg',0,1,'2020-07-05 17:47:47',0);
/*!40000 ALTER TABLE `especialidad` ENABLE KEYS */;
UNLOCK TABLES;

--
-- Table structure for table `estatus`
--

DROP TABLE IF EXISTS `estatus`;
/*!40101 SET @saved_cs_client     = @@character_set_client */;
/*!50503 SET character_set_client = utf8mb4 */;
CREATE TABLE `estatus` (
  `estatus_id` int NOT NULL AUTO_INCREMENT,
  `estatus_nombre` varchar(200) CHARACTER SET utf8 COLLATE utf8_spanish_ci DEFAULT NULL,
  `estatus_activo` int DEFAULT NULL,
  `estatus_eliminado` int DEFAULT NULL,
  `tipoestatus_id` int DEFAULT NULL,
  PRIMARY KEY (`estatus_id`)
) ENGINE=InnoDB AUTO_INCREMENT=9 DEFAULT CHARSET=utf8 COLLATE=utf8_spanish_ci;
/*!40101 SET character_set_client = @saved_cs_client */;

--
-- Dumping data for table `estatus`
--

LOCK TABLES `estatus` WRITE;
/*!40000 ALTER TABLE `estatus` DISABLE KEYS */;
INSERT INTO `estatus` VALUES (1,'En espera de confirmacion',1,0,1),(2,'Pago Confirmado',1,0,1),(3,'Pago Rechazado',1,0,1),(4,'Pendiente de Pago',1,0,2),(5,'En espera de confirmacion de pago',1,0,2),(6,'Confirmada',1,0,2),(7,'Cancelada',1,0,2),(8,'Atendida',1,0,2);
/*!40000 ALTER TABLE `estatus` ENABLE KEYS */;
UNLOCK TABLES;

--
-- Table structure for table `formapago`
--

DROP TABLE IF EXISTS `formapago`;
/*!40101 SET @saved_cs_client     = @@character_set_client */;
/*!50503 SET character_set_client = utf8mb4 */;
CREATE TABLE `formapago` (
  `formapago_id` int NOT NULL AUTO_INCREMENT,
  `formapago_nombre` varchar(200) CHARACTER SET utf8 COLLATE utf8_spanish_ci DEFAULT NULL,
  PRIMARY KEY (`formapago_id`)
) ENGINE=InnoDB AUTO_INCREMENT=3 DEFAULT CHARSET=utf8 COLLATE=utf8_spanish_ci;
/*!40101 SET character_set_client = @saved_cs_client */;

--
-- Dumping data for table `formapago`
--

LOCK TABLES `formapago` WRITE;
/*!40000 ALTER TABLE `formapago` DISABLE KEYS */;
INSERT INTO `formapago` VALUES (1,'CULQI'),(2,'PayPal');
/*!40000 ALTER TABLE `formapago` ENABLE KEYS */;
UNLOCK TABLES;

--
-- Table structure for table `horario`
--

DROP TABLE IF EXISTS `horario`;
/*!40101 SET @saved_cs_client     = @@character_set_client */;
/*!50503 SET character_set_client = utf8mb4 */;
CREATE TABLE `horario` (
  `horario_id` int NOT NULL AUTO_INCREMENT,
  `horario_fecha` datetime DEFAULT NULL,
  `horario_fecha_fin` datetime DEFAULT NULL,
  `horario_diaini` varchar(20) DEFAULT NULL,
  `horario_diafin` varchar(20) DEFAULT NULL,
  `horario_horaini` datetime DEFAULT NULL,
  `horario_horafin` datetime DEFAULT NULL,
  `usuario_id` int DEFAULT NULL,
  `sede_id` int DEFAULT NULL,
  `horario_fechareg` datetime DEFAULT NULL,
  `horario_activo` int DEFAULT NULL,
  `horario_eliminado` int DEFAULT NULL,
  `usuario_idreg` int DEFAULT NULL,
  `horario_intervalo` int DEFAULT NULL,
  PRIMARY KEY (`horario_id`)
) ENGINE=InnoDB AUTO_INCREMENT=293 DEFAULT CHARSET=utf8mb4 COLLATE=utf8mb4_0900_ai_ci;
/*!40101 SET character_set_client = @saved_cs_client */;

--
-- Dumping data for table `horario`
--

LOCK TABLES `horario` WRITE;
/*!40000 ALTER TABLE `horario` DISABLE KEYS */;
INSERT INTO `horario` VALUES (1,'2020-06-02 00:00:00',NULL,'Lunes','Viernes','2020-06-02 10:15:00','2020-06-02 11:15:00',2,0,'2020-06-09 10:15:31',1,0,1,NULL),(2,'2020-06-10 00:00:00',NULL,NULL,NULL,'2020-06-10 10:30:00','2020-06-10 11:45:00',5,1,'2020-06-09 10:16:42',0,1,1,NULL),(3,'2020-06-15 00:00:00',NULL,'Lunes','Lunes','2020-06-15 12:30:00','2020-06-15 19:30:00',7,6,'2020-06-09 12:24:00',1,0,1,20),(4,'2020-06-24 00:00:00',NULL,NULL,NULL,'2020-06-24 12:30:00','2020-06-24 17:30:00',7,2,'2020-06-09 12:24:14',0,1,1,NULL),(5,'2020-06-24 00:00:00',NULL,NULL,NULL,'2020-06-24 18:30:00','2020-06-24 23:30:00',7,1,'2020-06-10 18:19:50',0,1,1,NULL),(6,'2020-06-24 00:00:00',NULL,NULL,NULL,'2020-06-24 14:15:00','2020-06-24 21:15:00',10,1,'2020-06-10 21:15:06',0,1,1,NULL),(7,'2020-06-28 00:00:00',NULL,NULL,NULL,'2020-06-28 17:15:00','2020-06-28 21:15:00',13,1,'2020-06-10 21:15:21',0,1,1,NULL),(8,'2020-06-26 00:00:00',NULL,NULL,NULL,'2020-06-26 17:15:00','2020-06-26 21:15:00',10,1,'2020-06-10 21:15:35',0,1,1,NULL),(9,'2020-06-25 00:00:00',NULL,NULL,NULL,'2020-06-25 17:15:00','2020-06-25 21:15:00',10,0,'2020-06-10 21:15:54',1,0,1,NULL),(10,'2020-06-12 00:00:00',NULL,NULL,NULL,'2020-06-12 14:09:00','2020-06-12 14:09:00',7,1,'2020-06-12 16:07:27',0,1,1,1),(11,'2020-06-12 00:00:00',NULL,NULL,NULL,'2020-06-12 14:15:00','2020-06-12 14:30:00',7,1,'2020-06-12 16:11:10',1,0,1,1),(12,'2020-06-02 00:00:00',NULL,NULL,NULL,'2020-06-02 14:22:00','2020-06-02 14:23:00',7,1,'2020-06-12 16:20:56',1,0,1,1),(13,'2020-06-12 00:00:00',NULL,NULL,NULL,'2020-06-12 14:24:00','2020-06-12 14:26:00',7,1,'2020-06-12 16:22:57',1,0,1,1),(14,'2020-06-12 00:00:00',NULL,NULL,NULL,'2020-06-12 14:26:00','2020-06-12 14:30:00',7,1,'2020-06-12 16:23:48',1,0,1,1),(15,'2020-06-12 00:00:00',NULL,NULL,NULL,'2020-06-12 14:30:00','2020-06-12 14:31:00',7,1,'2020-06-12 16:26:29',1,0,1,1),(16,'2020-06-12 00:00:00',NULL,NULL,NULL,'2020-06-12 14:35:00','2020-06-12 14:50:00',7,1,'2020-06-12 16:34:03',1,0,1,1),(17,'2020-06-12 00:00:00',NULL,NULL,NULL,'2020-06-12 14:40:00','2020-06-12 14:50:00',7,1,'2020-06-12 16:37:00',0,1,1,1),(18,'1111-11-11 00:00:00',NULL,'Domingo','Domingo','1111-11-11 13:13:00','1111-11-11 13:13:00',36,1,'2020-06-12 19:42:38',1,0,1,50),(19,'2020-06-13 00:00:00',NULL,NULL,NULL,'2020-06-13 10:00:00','2020-06-13 12:00:00',7,1,'2020-06-13 12:46:51',1,0,1,20),(20,'2020-06-16 00:00:00',NULL,'Lunes','Lunes','2020-06-16 11:00:00','2020-06-16 12:00:00',7,2,'2020-06-16 13:52:56',1,0,1,20),(21,'2020-06-17 00:00:00',NULL,'Lunes','Domingo','2020-06-17 11:00:00','2020-06-17 20:00:00',7,6,'2020-06-17 12:31:06',1,0,1,20),(22,'0020-07-01 00:00:00',NULL,'Miercoles','Miercoles','0020-07-01 09:00:00','0020-07-01 18:00:00',44,2,'2020-06-30 14:13:49',1,0,1,20),(23,'2020-07-06 00:00:00',NULL,'Lunes','Lunes','2020-07-06 09:00:00','2020-07-06 18:00:00',44,2,'2020-06-30 14:15:35',1,0,1,20),(24,'2020-07-08 00:00:00',NULL,'Miercoles','Miercoles','2020-07-08 09:00:00','2020-07-08 18:00:00',44,2,'2020-06-30 14:16:31',1,0,1,20),(25,'2020-07-13 00:00:00',NULL,'Lunes','Lunes','2020-07-13 09:00:00','2020-07-13 18:00:00',44,2,'2020-06-30 14:42:31',1,0,1,20),(26,'2020-07-15 00:00:00',NULL,'Miercoles','Miercoles','2020-07-15 09:00:00','2020-07-15 18:00:00',44,2,'2020-06-30 14:42:55',1,0,1,20),(27,'2020-07-18 00:00:00',NULL,'Sabado','Sabado','2020-07-18 09:00:00','2020-07-18 13:00:00',44,2,'2020-06-30 14:47:57',1,0,1,20),(28,'2020-07-20 00:00:00',NULL,'Lunes','Lunes','2020-07-20 09:00:00','2020-07-20 18:00:00',44,2,'2020-06-30 14:48:28',1,0,1,20),(29,'2020-07-22 00:00:00',NULL,'Lunes','Lunes','2020-07-22 09:00:00','2020-07-22 18:00:00',44,2,'2020-06-30 14:49:06',1,0,1,20),(30,'2020-07-27 00:00:00',NULL,'Lunes','Lunes','2020-07-27 09:00:00','2020-07-27 18:00:00',44,2,'2020-06-30 14:49:43',1,0,1,20),(31,'2020-07-01 00:00:00',NULL,'Miercoles','Miercoles','2020-07-01 09:00:00','2020-07-01 18:00:00',45,2,'2020-06-30 14:50:33',1,0,1,20),(32,'2020-07-02 00:00:00',NULL,'Jueves','Jueves','2020-07-02 09:00:00','2020-07-02 13:00:00',45,2,'2020-06-30 14:51:46',1,0,1,20),(33,'2020-07-03 00:00:00',NULL,'Viernes','Viernes','2020-07-03 09:00:00','2020-07-03 13:00:00',45,2,'2020-06-30 14:52:15',1,0,1,20),(34,'2020-07-06 00:00:00',NULL,'Lunes','Lunes','2020-07-06 09:00:00','2020-07-06 18:00:00',45,2,'2020-06-30 14:52:55',1,0,1,20),(35,'2020-07-07 00:00:00',NULL,'Martes','Martes','2020-07-07 09:00:00','2020-07-07 13:00:00',45,2,'2020-06-30 14:53:31',1,0,1,20),(36,'2020-07-08 00:00:00',NULL,'Miercoles','Miercoles','2020-07-08 09:00:00','2020-07-08 18:00:00',45,2,'2020-06-30 14:54:01',1,0,1,20),(37,'2020-07-09 00:00:00',NULL,'Jueves','Jueves','2020-07-09 09:00:00','2020-07-09 13:00:00',45,2,'2020-06-30 14:54:34',1,0,1,20),(38,'2020-07-10 00:00:00',NULL,'Viernes','Viernes','2020-07-10 09:00:00','2020-07-10 13:00:00',45,2,'2020-06-30 14:59:41',1,0,1,20),(39,'2020-07-11 00:00:00',NULL,'Sabado','Sabado','2020-07-11 09:00:00','2020-07-11 13:00:00',45,2,'2020-06-30 15:00:10',1,0,1,20),(40,'2020-07-12 00:00:00',NULL,'Domingo','Domingo','2020-07-12 09:00:00','2020-07-12 12:00:00',45,2,'2020-06-30 15:00:43',0,1,1,20),(41,'2020-07-12 00:00:00',NULL,'Domingo','Domingo','2020-07-12 09:00:00','2020-07-12 12:00:00',45,2,'2020-06-30 15:00:43',1,0,1,20),(42,'2020-07-13 00:00:00',NULL,'Lunes','Lunes','2020-07-13 09:00:00','2020-07-13 18:00:00',45,2,'2020-06-30 15:01:39',1,0,1,20),(43,'2020-07-14 00:00:00',NULL,'Martes','Martes','2020-07-14 09:00:00','2020-07-14 13:00:00',45,2,'2020-06-30 15:02:09',1,0,1,20),(44,'2020-07-15 00:00:00',NULL,'Miercoles','Miercoles','2020-07-15 09:00:00','2020-07-15 18:00:00',45,2,'2020-06-30 15:03:47',1,0,1,20),(45,'2020-07-16 00:00:00',NULL,'Jueves','Jueves','2020-07-16 09:00:00','2020-07-16 13:00:00',45,2,'2020-06-30 15:04:19',1,0,1,20),(46,'2020-07-17 00:00:00',NULL,'Viernes','Viernes','2020-07-17 09:00:00','2020-07-17 13:00:00',45,2,'2020-06-30 15:04:48',1,0,1,20),(47,'2020-07-20 00:00:00',NULL,'Lunes','Lunes','2020-07-20 09:00:00','2020-07-20 18:00:00',45,2,'2020-06-30 15:05:15',1,0,1,20),(48,'2020-07-21 00:00:00',NULL,'Martes','Martes','2020-07-21 09:00:00','2020-07-21 13:00:00',45,2,'2020-06-30 15:05:37',1,0,1,20),(49,'2020-07-22 00:00:00',NULL,'Miercoles','Miercoles','2020-07-22 09:00:00','2020-07-22 18:00:00',45,2,'2020-06-30 15:05:59',1,0,1,20),(50,'2020-07-23 00:00:00',NULL,'Jueves','Jueves','2020-07-23 09:00:00','2020-07-23 13:00:00',45,2,'2020-06-30 15:06:32',1,0,1,20),(51,'2020-07-24 00:00:00',NULL,'Viernes','Viernes','2020-07-24 09:00:00','2020-07-24 13:00:00',45,2,'2020-06-30 15:07:59',1,0,1,20),(52,'2020-07-25 00:00:00',NULL,'Sabado','Sabado','2020-07-25 09:00:00','2020-07-25 13:00:00',45,2,'2020-06-30 15:08:29',1,0,1,20),(53,'2020-07-27 00:00:00',NULL,'Lunes','Lunes','2020-07-27 09:00:00','2020-07-27 18:00:00',45,2,'2020-06-30 15:09:29',1,0,1,20),(54,'2020-07-29 00:00:00',NULL,'Miercoles','Miercoles','2020-07-29 09:00:00','2020-07-29 13:00:00',45,2,'2020-06-30 15:09:54',1,0,1,20),(55,'2020-07-30 00:00:00',NULL,'Jueves','Jueves','2020-07-30 09:00:00','2020-07-30 13:00:00',45,2,'2020-06-30 15:10:18',1,0,1,20),(56,'2020-07-31 00:00:00',NULL,'Viernes','Viernes','2020-07-31 09:00:00','2020-07-31 13:00:00',45,2,'2020-06-30 15:10:41',1,0,1,20),(57,'2020-07-01 00:00:00',NULL,'Miercoles','Miercoles','2020-07-01 11:00:00','2020-07-01 18:00:00',50,2,'2020-06-30 15:12:21',1,0,1,20),(58,'2020-07-02 00:00:00',NULL,'Jueves','Jueves','2020-07-02 11:00:00','2020-07-02 18:00:00',50,2,'2020-06-30 15:12:50',1,0,1,20),(59,'2020-07-03 00:00:00',NULL,'Viernes','Viernes','2020-07-03 11:00:00','2020-07-03 18:00:00',50,2,'2020-06-30 16:03:39',1,0,1,20),(60,'2020-07-04 00:00:00',NULL,'Sabado','Sabado','2020-07-04 09:00:00','2020-07-04 13:00:00',50,2,'2020-06-30 16:07:07',1,0,1,20),(61,'2020-07-06 00:00:00',NULL,'Lunes','Lunes','2020-07-06 11:00:00','2020-07-06 18:00:00',50,2,'2020-06-30 16:07:29',1,0,1,20),(62,'2020-07-07 00:00:00',NULL,'Martes','Martes','2020-07-07 11:00:00','2020-07-07 18:00:00',50,2,'2020-06-30 16:07:47',1,0,1,20),(63,'2020-07-08 00:00:00',NULL,'Miercoles','Miercoles','2020-07-08 11:00:00','2020-07-08 18:00:00',50,2,'2020-06-30 16:08:08',1,0,1,20),(64,'2020-07-09 00:00:00',NULL,'Jueves','Jueves','2020-07-09 11:00:00','2020-07-09 18:00:00',50,2,'2020-06-30 16:08:27',1,0,1,20),(65,'2020-07-10 00:00:00',NULL,'Viernes','Viernes','2020-07-10 11:00:00','2020-07-10 18:00:00',50,2,'2020-06-30 16:08:56',1,0,1,20),(66,'2020-07-13 00:00:00',NULL,'Lunes','Lunes','2020-07-13 11:00:00','2020-07-13 18:00:00',50,2,'2020-06-30 16:23:26',1,0,1,20),(67,'2020-07-14 00:00:00',NULL,'Martes','Martes','2020-07-14 11:00:00','2020-07-14 18:00:00',50,2,'2020-06-30 16:24:00',1,0,1,20),(68,'2020-07-15 00:00:00',NULL,'Miercoles','Miercoles','2020-07-15 11:00:00','2020-07-15 18:00:00',50,2,'2020-06-30 16:24:37',1,0,1,20),(69,'2020-07-16 00:00:00',NULL,'Jueves','Jueves','2020-07-16 11:00:00','2020-07-16 18:00:00',50,2,'2020-06-30 16:24:59',1,0,1,20),(70,'2020-07-17 00:00:00',NULL,'Viernes','Viernes','2020-07-17 11:00:00','2020-07-17 18:00:00',50,2,'2020-06-30 16:25:18',1,0,1,20),(71,'2020-07-20 00:00:00',NULL,'Lunes','Lunes','2020-07-20 11:00:00','2020-07-20 18:00:00',50,2,'2020-06-30 16:25:43',1,0,1,20),(72,'2020-07-21 00:00:00',NULL,'Martes','Martes','2020-07-21 11:00:00','2020-07-21 18:00:00',50,2,'2020-06-30 16:25:59',1,0,1,20),(73,'2020-07-22 00:00:00',NULL,'Miercoles','Miercoles','2020-07-22 11:00:00','2020-07-22 18:00:00',50,2,'2020-06-30 16:26:17',1,0,1,20),(74,'2020-07-23 00:00:00',NULL,'Jueves','Jueves','2020-07-23 11:00:00','2020-07-23 18:00:00',50,2,'2020-06-30 16:26:34',1,0,1,20),(75,'2020-07-24 00:00:00',NULL,'Viernes','Viernes','2020-07-24 11:00:00','2020-07-24 18:00:00',50,2,'2020-06-30 16:26:51',1,0,1,20),(76,'2020-07-27 00:00:00',NULL,'Lunes','Lunes','2020-07-27 11:00:00','2020-07-27 18:00:00',50,2,'2020-06-30 16:27:35',1,0,1,20),(77,'2020-07-28 00:00:00',NULL,'Martes','Martes','2020-07-28 09:00:00','2020-07-28 13:00:00',50,2,'2020-06-30 16:27:56',1,0,1,20),(78,'2020-07-30 00:00:00',NULL,'Jueves','Jueves','2020-07-30 11:00:00','2020-07-30 18:00:00',50,2,'2020-06-30 16:28:18',1,0,1,20),(79,'2020-07-31 00:00:00',NULL,'Viernes','Viernes','2020-07-31 11:00:00','2020-07-31 18:00:00',50,2,'2020-06-30 16:28:59',1,0,1,20),(80,'2020-07-01 00:00:00',NULL,'Miercoles','Miercoles','2020-07-01 14:00:00','2020-07-01 16:00:00',41,2,'2020-06-30 17:11:38',1,0,1,20),(81,'2020-07-02 00:00:00',NULL,'Jueves','Jueves','2020-07-02 10:00:00','2020-07-02 12:00:00',41,2,'2020-06-30 17:12:17',1,0,1,20),(82,'2020-07-03 00:00:00',NULL,'Viernes','Viernes','2020-07-03 14:00:00','2020-07-03 16:00:00',41,2,'2020-06-30 17:12:48',1,0,1,20),(83,'2020-07-04 00:00:00',NULL,'Sabado','Sabado','2020-07-04 11:00:00','2020-07-04 13:00:00',41,2,'2020-06-30 17:14:49',1,0,1,20),(84,'2020-07-06 00:00:00',NULL,'Lunes','Lunes','2020-07-06 14:00:00','2020-07-06 16:00:00',41,2,'2020-06-30 17:15:12',1,0,1,20),(85,'2020-07-07 00:00:00',NULL,'Martes','Martes','2020-07-07 10:00:00','2020-07-07 12:00:00',41,2,'2020-06-30 17:15:35',1,0,1,20),(86,'2020-07-08 00:00:00',NULL,'Miercoles','Miercoles','2020-07-08 14:00:00','2020-07-08 16:00:00',41,2,'2020-06-30 17:17:22',1,0,1,20),(87,'2020-07-09 00:00:00',NULL,'Jueves','Jueves','2020-07-09 10:00:00','2020-07-09 12:00:00',41,2,'2020-06-30 17:17:57',1,0,1,20),(88,'2020-07-10 00:00:00',NULL,'Viernes','Viernes','2020-07-10 14:00:00','2020-07-10 16:00:00',41,2,'2020-06-30 17:18:56',1,0,1,20),(89,'2020-07-11 00:00:00',NULL,'Sabado','Sabado','2020-07-11 11:00:00','2020-07-11 13:00:00',41,2,'2020-06-30 17:19:18',1,0,1,20),(90,'2020-07-13 00:00:00',NULL,'Lunes','Lunes','2020-07-13 14:00:00','2020-07-13 16:00:00',41,2,'2020-06-30 17:19:37',1,0,1,20),(91,'2020-07-14 00:00:00',NULL,'Martes','Martes','2020-07-14 10:00:00','2020-07-14 12:00:00',41,2,'2020-06-30 17:19:56',1,0,1,20),(92,'2020-07-15 00:00:00',NULL,'Miercoles','Miercoles','2020-07-15 14:00:00','2020-07-15 16:00:00',41,2,'2020-06-30 17:20:20',1,0,1,20),(93,'2020-07-16 00:00:00',NULL,'Jueves','Jueves','2020-07-16 10:00:00','2020-07-16 12:00:00',41,2,'2020-06-30 17:20:55',1,0,1,20),(94,'2020-07-17 00:00:00',NULL,'Viernes','Viernes','2020-07-17 14:00:00','2020-07-17 16:00:00',41,2,'2020-06-30 17:21:28',1,0,1,20),(95,'2020-07-18 00:00:00',NULL,'Sabado','Sabado','2020-07-18 11:00:00','2020-07-18 13:00:00',41,2,'2020-06-30 17:21:55',1,0,1,20),(96,'2020-07-20 00:00:00',NULL,'Lunes','Lunes','2020-07-20 14:00:00','2020-07-20 16:00:00',41,2,'2020-06-30 17:22:11',1,0,1,20),(97,'2020-07-21 00:00:00',NULL,'Martes','Martes','2020-07-21 10:00:00','2020-07-21 12:00:00',41,2,'2020-06-30 17:22:36',1,0,1,20),(98,'2020-07-22 00:00:00',NULL,'Miercoles','Miercoles','2020-07-22 14:00:00','2020-07-22 16:00:00',41,2,'2020-06-30 17:22:59',1,0,1,20),(99,'2020-07-23 00:00:00',NULL,'Jueves','Jueves','2020-07-23 10:00:00','2020-07-23 12:00:00',41,2,'2020-06-30 17:23:28',1,0,1,20),(100,'2020-07-24 00:00:00',NULL,'Viernes','Viernes','2020-07-24 14:00:00','2020-07-24 16:00:00',41,2,'2020-06-30 17:23:47',1,0,1,20),(101,'2020-07-25 00:00:00',NULL,'Sabado','Sabado','2020-07-25 11:00:00','2020-07-25 13:00:00',41,2,'2020-06-30 17:24:11',1,0,1,20),(102,'2020-07-27 00:00:00',NULL,'Lunes','Lunes','2020-07-27 14:00:00','2020-07-27 16:00:00',41,2,'2020-06-30 17:24:36',1,0,1,20),(103,'2020-07-28 00:00:00',NULL,'Martes','Martes','2020-07-28 10:00:00','2020-07-28 12:00:00',41,2,'2020-06-30 17:24:54',1,0,1,20),(104,'2020-07-29 00:00:00',NULL,'Miercoles','Miercoles','2020-07-29 14:00:00','2020-07-29 16:00:00',41,2,'2020-06-30 17:25:17',1,0,1,20),(105,'2020-07-30 00:00:00',NULL,'Jueves','Jueves','2020-07-30 10:00:00','2020-07-30 12:00:00',41,2,'2020-06-30 17:25:40',1,0,1,20),(106,'2020-07-31 00:00:00',NULL,'Viernes','Viernes','2020-07-31 14:00:00','2020-07-31 16:00:00',41,2,'2020-06-30 17:25:58',1,0,1,20),(107,'2020-07-02 00:00:00',NULL,'Jueves','Jueves','2020-07-02 09:00:00','2020-07-02 18:00:00',43,2,'2020-06-30 17:26:42',1,0,1,20),(108,'2020-07-04 00:00:00',NULL,'Sabado','Sabado','2020-07-04 09:00:00','2020-07-04 13:00:00',43,2,'2020-06-30 17:27:10',1,0,1,20),(109,'2020-07-07 00:00:00',NULL,'Martes','Martes','2020-07-07 09:00:00','2020-07-07 18:00:00',43,2,'2020-06-30 17:27:33',1,0,1,20),(110,'2020-07-09 00:00:00',NULL,'Jueves','Jueves','2020-07-09 09:00:00','2020-07-09 18:00:00',43,2,'2020-06-30 17:27:56',1,0,1,20),(111,'2020-07-14 00:00:00',NULL,'Martes','Martes','2020-07-14 09:00:00','2020-07-14 18:00:00',43,2,'2020-06-30 17:33:01',1,0,1,20),(112,'2020-07-16 00:00:00',NULL,'Jueves','Jueves','2020-07-16 09:00:00','2020-07-16 18:00:00',43,2,'2020-06-30 17:36:45',1,0,1,20),(113,'2020-07-18 00:00:00',NULL,'Sabado','Sabado','2020-07-18 09:00:00','2020-07-18 13:00:00',43,2,'2020-06-30 17:37:14',1,0,1,20),(114,'2020-07-21 00:00:00',NULL,'Martes','Martes','2020-07-21 09:00:00','2020-07-21 18:00:00',43,2,'2020-06-30 17:37:36',1,0,1,20),(115,'2020-07-23 00:00:00',NULL,'Jueves','Jueves','2020-07-23 09:00:00','2020-07-23 18:00:00',43,2,'2020-06-30 17:37:57',1,0,1,20),(116,'2020-07-30 00:00:00',NULL,'Jueves','Jueves','2020-07-30 09:00:00','2020-07-30 18:00:00',43,2,'2020-06-30 17:38:23',1,0,1,20),(117,'2020-07-02 00:00:00',NULL,'Jueves','Jueves','2020-07-02 09:00:00','2020-07-02 18:00:00',48,2,'2020-06-30 17:40:00',1,0,1,20),(118,'2020-07-07 00:00:00',NULL,'Martes','Martes','2020-07-07 09:00:00','2020-07-07 18:00:00',48,2,'2020-06-30 17:41:12',1,0,1,20),(119,'2020-07-09 00:00:00',NULL,'Jueves','Jueves','2020-07-09 09:00:00','2020-07-09 18:00:00',48,2,'2020-06-30 17:41:35',1,0,1,20),(120,'2020-07-14 00:00:00',NULL,'Martes','Martes','2020-07-14 09:00:00','2020-07-14 18:00:00',48,2,'2020-06-30 17:41:57',1,0,1,20),(121,'2020-07-16 00:00:00',NULL,'Jueves','Jueves','2020-07-16 09:00:00','2020-07-16 18:00:00',48,2,'2020-06-30 17:44:55',1,0,1,20),(122,'2020-07-19 00:00:00',NULL,'Domingo','Domingo','2020-07-19 09:00:00','2020-07-19 12:00:00',48,2,'2020-06-30 17:45:17',1,0,1,20),(123,'2020-07-21 00:00:00',NULL,'Martes','Martes','2020-07-21 09:00:00','2020-07-21 18:00:00',48,2,'2020-06-30 17:45:34',1,0,1,20),(124,'2020-07-23 00:00:00',NULL,'Jueves','Jueves','2020-07-23 09:00:00','2020-07-23 18:00:00',48,2,'2020-06-30 17:48:35',1,0,1,20),(125,'2020-07-25 00:00:00',NULL,'Sabado','Sabado','2020-07-25 09:00:00','2020-07-25 13:00:00',48,2,'2020-06-30 17:48:54',1,0,1,20),(126,'2020-07-30 00:00:00',NULL,'Jueves','Jueves','2020-07-30 09:00:00','2020-07-30 18:00:00',48,2,'2020-06-30 17:49:14',1,0,1,20),(127,'2020-07-02 00:00:00',NULL,'Jueves','Jueves','2020-07-02 15:00:00','2020-07-02 17:30:00',42,2,'2020-06-30 17:49:59',1,0,1,20),(128,'2020-07-06 00:00:00',NULL,'Lunes','Lunes','2020-07-06 10:00:00','2020-07-06 12:00:00',42,2,'2020-06-30 17:50:20',1,0,1,20),(129,'2020-07-09 00:00:00',NULL,'Jueves','Jueves','2020-07-09 15:00:00','2020-07-09 17:30:00',42,2,'2020-06-30 17:50:46',1,0,1,20),(130,'2020-07-13 00:00:00',NULL,'Lunes','Lunes','2020-07-13 10:00:00','2020-07-13 12:00:00',42,2,'2020-06-30 17:51:48',1,0,1,20),(131,'2020-07-16 00:00:00',NULL,'Jueves','Jueves','2020-07-16 15:00:00','2020-07-16 17:30:00',42,2,'2020-06-30 17:52:11',1,0,1,20),(132,'2020-07-20 00:00:00',NULL,'Lunes','Lunes','2020-07-20 10:00:00','2020-07-20 12:00:00',42,2,'2020-06-30 17:52:47',1,0,1,20),(133,'2020-07-23 00:00:00',NULL,'Jueves','Jueves','2020-07-23 15:00:00','2020-07-23 17:30:00',42,2,'2020-06-30 17:53:11',1,0,1,20),(134,'2020-07-27 00:00:00',NULL,'Lunes','Lunes','2020-07-27 10:00:00','2020-07-27 12:00:00',42,2,'2020-06-30 17:53:30',1,0,1,20),(135,'2020-07-30 00:00:00',NULL,'Jueves','Jueves','2020-07-30 15:00:00','2020-07-30 17:30:00',42,2,'2020-06-30 17:53:52',1,0,1,20),(136,'2020-07-03 00:00:00',NULL,'Viernes','Viernes','2020-07-03 09:00:00','2020-07-03 18:00:00',46,2,'2020-06-30 17:54:13',1,0,1,20),(137,'2020-07-05 00:00:00',NULL,'Domingo','Domingo','2020-07-05 09:00:00','2020-07-05 12:00:00',46,2,'2020-06-30 17:54:35',1,0,1,20),(138,'2020-07-10 00:00:00',NULL,'Viernes','Viernes','2020-07-10 09:00:00','2020-07-10 18:00:00',46,2,'2020-06-30 17:55:08',1,0,1,20),(139,'2020-07-11 00:00:00',NULL,'Sabado','Sabado','2020-07-11 09:00:00','2020-07-11 13:00:00',46,2,'2020-06-30 17:56:02',1,0,1,20),(140,'2020-07-17 00:00:00',NULL,'Viernes','Viernes','2020-07-17 09:00:00','2020-07-17 18:00:00',46,2,'2020-06-30 17:56:24',1,0,1,20),(141,'2020-07-24 00:00:00',NULL,'Viernes','Viernes','2020-07-24 09:00:00','2020-07-24 18:00:00',46,2,'2020-06-30 17:57:32',1,0,1,20),(142,'2020-07-31 00:00:00',NULL,'Viernes','Viernes','2020-07-31 09:00:00','2020-07-31 18:00:00',46,2,'2020-06-30 17:57:54',1,0,1,20),(143,'2020-07-01 00:00:00',NULL,'Miercoles','Miercoles','2020-07-01 15:00:00','2020-07-01 19:00:00',43,1,'2020-07-01 11:43:39',1,0,1,20),(144,'2020-07-03 00:00:00',NULL,'Viernes','Viernes','2020-07-03 09:00:00','2020-07-03 13:00:00',43,1,'2020-07-01 11:47:05',1,0,1,20),(145,'2020-07-06 00:00:00',NULL,'Lunes','Lunes','2020-07-06 15:00:00','2020-07-06 19:00:00',43,1,'2020-07-01 11:47:38',1,0,1,20),(146,'2020-07-08 00:00:00',NULL,'Miercoles','Miercoles','2020-07-08 15:00:00','2020-07-08 19:00:00',43,1,'2020-07-01 11:48:12',1,0,1,20),(147,'2020-07-10 00:00:00',NULL,'Viernes','Viernes','2020-07-10 09:00:00','2020-07-10 13:00:00',43,1,'2020-07-01 11:48:45',1,0,1,20),(148,'2020-07-11 00:00:00',NULL,'Sabado','Sabado','2020-07-11 09:00:00','2020-07-11 13:00:00',43,1,'2020-07-01 11:49:11',1,0,1,20),(149,'2020-07-13 00:00:00',NULL,'Lunes','Lunes','2020-07-13 15:00:00','2020-07-13 19:00:00',43,1,'2020-07-01 11:49:32',1,0,1,20),(150,'2020-07-15 00:00:00',NULL,'Miercoles','Miercoles','2020-07-15 15:00:00','2020-07-15 19:00:00',43,1,'2020-07-01 11:49:59',1,0,1,20),(151,'2020-07-17 00:00:00',NULL,'Viernes','Viernes','2020-07-17 09:00:00','2020-07-17 13:00:00',43,1,'2020-07-01 11:50:22',1,0,1,20),(152,'2020-07-20 00:00:00',NULL,'Lunes','Lunes','2020-07-20 15:00:00','2020-07-20 19:00:00',43,1,'2020-07-01 11:50:45',1,0,1,20),(153,'2020-07-22 00:00:00',NULL,'Miercoles','Miercoles','2020-07-22 15:00:00','2020-07-22 19:00:00',43,1,'2020-07-01 11:51:07',1,0,1,20),(154,'2020-07-24 00:00:00',NULL,'Viernes','Viernes','2020-07-24 09:00:00','2020-07-24 13:00:00',43,1,'2020-07-01 11:51:33',1,0,1,20),(155,'2020-07-25 00:00:00',NULL,'Sabado','Sabado','2020-07-25 09:00:00','2020-07-25 13:00:00',43,1,'2020-07-01 11:51:54',1,0,1,20),(156,'2020-07-27 00:00:00',NULL,'Lunes','Lunes','2020-07-27 15:00:00','2020-07-27 19:00:00',43,1,'2020-07-01 11:52:18',1,0,1,20),(157,'2020-07-31 00:00:00',NULL,'Viernes','Viernes','2020-07-31 09:00:00','2020-07-31 13:00:00',43,1,'2020-07-01 11:52:39',1,0,1,20),(158,'2020-07-01 00:00:00',NULL,'Miercoles','Miercoles','2020-07-01 09:00:00','2020-07-01 13:00:00',52,1,'2020-07-01 11:53:05',1,0,1,20),(159,'2020-07-03 00:00:00',NULL,'Viernes','Viernes','2020-07-03 15:00:00','2020-07-03 19:00:00',52,1,'2020-07-01 11:53:49',1,0,1,20),(160,'2020-07-04 00:00:00',NULL,'Sabado','Sabado','2020-07-04 09:00:00','2020-07-04 13:00:00',52,1,'2020-07-01 11:54:13',1,0,1,20),(161,'2020-07-06 00:00:00',NULL,'Lunes','Lunes','2020-07-06 09:00:00','2020-07-06 13:00:00',52,1,'2020-07-01 11:54:34',1,0,1,20),(162,'2020-07-08 00:00:00',NULL,'Miercoles','Miercoles','2020-07-08 09:00:00','2020-07-08 13:00:00',52,1,'2020-07-01 11:57:21',1,0,1,20),(163,'2020-07-10 00:00:00',NULL,'Viernes','Viernes','2020-07-10 15:00:00','2020-07-10 19:00:00',52,1,'2020-07-01 11:59:09',1,0,1,20),(164,'2020-07-11 00:00:00',NULL,'Sabado','Sabado','2020-07-11 09:00:00','2020-07-11 13:00:00',52,1,'2020-07-01 11:59:30',1,0,1,20),(165,'2020-07-13 00:00:00',NULL,'Lunes','Lunes','2020-07-13 09:00:00','2020-07-13 13:00:00',52,1,'2020-07-01 11:59:52',1,0,1,20),(166,'2020-07-15 00:00:00',NULL,'Miercoles','Miercoles','2020-07-15 09:00:00','2020-07-15 13:00:00',52,1,'2020-07-01 12:00:13',1,0,1,20),(167,'2020-07-20 00:00:00',NULL,'Lunes','Lunes','2020-07-20 09:00:00','2020-07-20 13:00:00',52,1,'2020-07-01 12:00:35',1,0,1,20),(168,'2020-07-21 00:00:00',NULL,'Martes','Martes','2020-07-21 15:00:00','2020-07-21 19:00:00',52,1,'2020-07-01 12:01:03',1,0,1,20),(169,'2020-07-22 00:00:00',NULL,'Miercoles','Miercoles','2020-07-22 09:00:00','2020-07-22 13:00:00',52,1,'2020-07-01 12:01:27',1,0,1,20),(170,'2020-07-24 00:00:00',NULL,'Viernes','Viernes','2020-07-24 15:00:00','2020-07-24 19:00:00',52,1,'2020-07-01 12:01:48',1,0,1,20),(171,'2020-07-25 00:00:00',NULL,'Sabado','Sabado','2020-07-25 09:00:00','2020-07-25 13:00:00',52,1,'2020-07-01 12:02:14',1,0,1,20),(172,'2020-07-27 00:00:00',NULL,'Lunes','Lunes','2020-07-27 09:00:00','2020-07-27 13:00:00',52,1,'2020-07-01 12:02:36',1,0,1,20),(173,'2020-07-31 00:00:00',NULL,'Viernes','Viernes','2020-07-31 15:00:00','2020-07-31 19:00:00',52,1,'2020-07-01 12:03:00',1,0,1,20),(174,'2020-07-02 00:00:00',NULL,'Jueves','Jueves','2020-07-02 09:00:00','2020-07-02 13:00:00',47,1,'2020-07-01 12:03:39',1,0,1,20),(175,'2020-07-07 00:00:00',NULL,'Martes','Martes','2020-07-07 09:00:00','2020-07-07 13:00:00',47,1,'2020-07-01 12:04:09',1,0,1,20),(176,'2020-07-09 00:00:00',NULL,'Jueves','Jueves','2020-07-09 09:00:00','2020-07-09 13:00:00',47,1,'2020-07-01 12:04:36',1,0,1,20),(177,'2020-07-14 00:00:00',NULL,'Martes','Martes','2020-07-14 09:00:00','2020-07-14 13:00:00',47,1,'2020-07-01 12:05:09',1,0,1,20),(178,'2020-07-16 00:00:00',NULL,'Jueves','Jueves','2020-07-16 09:00:00','2020-07-16 13:00:00',47,1,'2020-07-01 12:05:41',1,0,1,20),(179,'2020-07-18 00:00:00',NULL,'Sabado','Sabado','2020-07-18 09:00:00','2020-07-18 13:00:00',47,1,'2020-07-01 12:06:21',1,0,1,20),(180,'2020-07-21 00:00:00',NULL,'Martes','Martes','2020-07-21 09:00:00','2020-07-21 13:00:00',47,1,'2020-07-01 12:06:41',1,0,1,20),(181,'2020-07-23 00:00:00',NULL,'Jueves','Jueves','2020-07-23 09:00:00','2020-07-23 13:00:00',47,1,'2020-07-01 12:07:04',1,0,1,20),(182,'2020-07-30 00:00:00',NULL,'Jueves','Jueves','2020-07-30 09:00:00','2020-07-30 13:00:00',47,1,'2020-07-01 12:07:27',1,0,1,20),(183,'2020-07-01 00:00:00',NULL,'Miercoles','Miercoles','2020-07-01 10:00:00','2020-07-01 18:00:00',46,7,'2020-07-01 12:09:39',1,0,1,20),(184,'2020-07-02 00:00:00',NULL,'Jueves','Jueves','2020-07-02 14:00:00','2020-07-02 18:00:00',46,7,'2020-07-01 12:10:06',1,0,1,20),(185,'2020-07-04 00:00:00',NULL,'Sabado','Sabado','2020-07-04 09:00:00','2020-07-04 13:00:00',46,7,'2020-07-01 12:21:55',1,0,1,20),(186,'2020-07-06 00:00:00',NULL,'Lunes','Lunes','2020-07-06 10:00:00','2020-07-06 18:00:00',46,7,'2020-07-01 12:22:18',1,0,1,20),(187,'2020-07-08 00:00:00',NULL,'Miercoles','Miercoles','2020-07-08 10:00:00','2020-07-08 18:00:00',46,7,'2020-07-01 12:22:47',1,0,1,20),(188,'2020-07-09 00:00:00',NULL,'Jueves','Jueves','2020-07-09 14:00:00','2020-07-09 18:00:00',46,7,'2020-07-01 12:23:14',1,0,1,20),(189,'2020-07-13 00:00:00',NULL,'Lunes','Lunes','2020-07-13 10:00:00','2020-07-13 18:00:00',46,7,'2020-07-01 12:23:46',1,0,1,20),(190,'2020-07-15 00:00:00',NULL,'Miercoles','Miercoles','2020-07-15 10:00:00','2020-07-15 18:00:00',46,7,'2020-07-01 12:24:09',1,0,1,20),(191,'2020-07-16 00:00:00',NULL,'Jueves','Jueves','2020-07-16 14:00:00','2020-07-16 18:00:00',46,7,'2020-07-01 12:24:42',1,0,1,20),(192,'2020-07-18 00:00:00',NULL,'Sabado','Sabado','2020-07-18 09:00:00','2020-07-18 13:00:00',46,7,'2020-07-01 12:25:07',1,0,1,20),(193,'2020-07-20 00:00:00',NULL,'Lunes','Lunes','2020-07-20 10:00:00','2020-07-20 18:00:00',46,7,'2020-07-01 12:25:26',1,0,1,20),(194,'2020-07-22 00:00:00',NULL,'Miercoles','Miercoles','2020-07-22 10:00:00','2020-07-22 18:00:00',46,7,'2020-07-01 12:27:22',1,0,1,20),(195,'2020-07-23 00:00:00',NULL,'Jueves','Jueves','2020-07-23 14:00:00','2020-07-23 18:00:00',46,7,'2020-07-01 12:27:45',1,0,1,20),(196,'2020-07-27 00:00:00',NULL,'Lunes','Lunes','2020-07-27 10:00:00','2020-07-27 18:00:00',46,7,'2020-07-01 12:28:04',1,0,1,20),(197,'2020-07-30 00:00:00',NULL,'Jueves','Jueves','2020-07-30 14:00:00','2020-07-30 18:00:00',46,7,'2020-07-01 12:28:26',1,0,1,20),(198,'2020-07-02 00:00:00',NULL,'Jueves','Jueves','2020-07-02 09:00:00','2020-07-02 13:00:00',44,7,'2020-07-01 12:29:01',1,0,1,20),(199,'2020-07-03 00:00:00',NULL,'Viernes','Viernes','2020-07-03 09:00:00','2020-07-03 18:00:00',44,7,'2020-07-01 12:29:22',1,0,1,20),(200,'2020-07-07 00:00:00',NULL,'Martes','Martes','2020-07-07 09:00:00','2020-07-07 18:00:00',44,7,'2020-07-01 12:29:47',1,0,1,20),(201,'2020-07-09 00:00:00',NULL,'Jueves','Jueves','2020-07-09 09:00:00','2020-07-09 13:00:00',44,7,'2020-07-01 12:30:46',1,0,1,20),(202,'2020-07-10 00:00:00',NULL,'Viernes','Viernes','2020-07-10 09:00:00','2020-07-10 18:00:00',44,7,'2020-07-01 12:31:10',1,0,1,20),(203,'2020-07-11 00:00:00',NULL,'Sabado','Sabado','2020-07-11 09:00:00','2020-07-11 13:00:00',44,7,'2020-07-01 12:32:04',1,0,1,20),(204,'2020-07-14 00:00:00',NULL,'Martes','Martes','2020-07-14 09:00:00','2020-07-14 18:00:00',44,7,'2020-07-01 12:32:26',1,0,1,20),(205,'2020-07-14 00:00:00',NULL,'Martes','Martes','2020-07-14 09:00:00','2020-07-14 18:00:00',44,7,'2020-07-01 12:32:26',0,1,1,20),(206,'2020-07-16 00:00:00',NULL,'Jueves','Jueves','2020-07-16 09:00:00','2020-07-16 13:00:00',44,7,'2020-07-01 12:33:03',1,0,1,20),(207,'2020-07-17 00:00:00',NULL,'Viernes','Viernes','2020-07-17 09:00:00','2020-07-17 18:00:00',44,7,'2020-07-01 12:33:28',1,0,1,20),(208,'2020-07-21 00:00:00',NULL,'Martes','Martes','2020-07-21 09:00:00','2020-07-21 18:00:00',44,7,'2020-07-01 12:33:57',1,0,1,20),(209,'2020-07-23 00:00:00',NULL,'Jueves','Jueves','2020-07-23 09:00:00','2020-07-23 13:00:00',44,7,'2020-07-01 12:34:18',1,0,1,20),(210,'2020-07-24 00:00:00',NULL,'Viernes','Viernes','2020-07-24 09:00:00','2020-07-24 18:00:00',44,7,'2020-07-01 12:34:38',1,0,1,20),(211,'2020-07-25 00:00:00',NULL,'Sabado','Sabado','2020-07-25 09:00:00','2020-07-25 13:00:00',44,7,'2020-07-01 12:35:04',1,0,1,20),(212,'2020-07-30 00:00:00',NULL,'Jueves','Jueves','2020-07-30 09:00:00','2020-07-30 13:00:00',44,7,'2020-07-01 12:35:28',1,0,1,20),(213,'2020-07-31 00:00:00',NULL,'Viernes','Viernes','2020-07-31 09:00:00','2020-07-31 18:00:00',44,7,'2020-07-01 12:35:52',1,0,1,20),(214,'2020-07-01 00:00:00',NULL,'Miercoles','Miercoles','2020-07-01 09:00:00','2020-07-01 13:00:00',49,8,'2020-07-01 12:37:53',1,0,1,20),(215,'2020-07-02 00:00:00',NULL,'Jueves','Jueves','2020-07-02 14:00:00','2020-07-02 18:00:00',49,8,'2020-07-01 12:38:21',1,0,1,20),(216,'2020-07-06 00:00:00',NULL,'Lunes','Lunes','2020-07-06 09:00:00','2020-07-06 13:00:00',49,8,'2020-07-01 12:38:42',1,0,1,20),(217,'2020-07-08 00:00:00',NULL,'Miercoles','Miercoles','2020-07-08 09:00:00','2020-07-08 13:00:00',49,8,'2020-07-01 12:39:07',1,0,1,20),(218,'2020-07-09 00:00:00',NULL,'Jueves','Jueves','2020-07-09 14:00:00','2020-07-09 18:00:00',49,8,'2020-07-01 12:39:26',1,0,1,20),(219,'2020-07-11 00:00:00',NULL,'Sabado','Sabado','2020-07-11 09:00:00','2020-07-11 13:00:00',49,8,'2020-07-01 12:39:43',1,0,1,20),(220,'2020-07-13 00:00:00',NULL,'Lunes','Lunes','2020-07-13 09:00:00','2020-07-13 13:00:00',49,8,'2020-07-01 12:39:57',1,0,1,20),(221,'2020-07-15 00:00:00',NULL,'Miercoles','Miercoles','2020-07-15 09:00:00','2020-07-15 13:00:00',49,8,'2020-07-01 12:41:01',1,0,1,20),(222,'2020-07-16 00:00:00',NULL,'Jueves','Jueves','2020-07-16 14:00:00','2020-07-16 18:00:00',49,8,'2020-07-01 12:41:19',1,0,1,20),(223,'2020-07-20 00:00:00',NULL,'Lunes','Lunes','2020-07-20 09:00:00','2020-07-20 13:00:00',49,8,'2020-07-01 12:41:40',1,0,1,20),(224,'2020-07-22 00:00:00',NULL,'Miercoles','Miercoles','2020-07-22 09:00:00','2020-07-22 13:00:00',49,8,'2020-07-01 12:41:58',1,0,1,20),(225,'2020-07-23 00:00:00',NULL,'Jueves','Jueves','2020-07-23 14:00:00','2020-07-23 18:00:00',49,8,'2020-07-01 12:42:19',1,0,1,20),(226,'2020-07-25 00:00:00',NULL,'Sabado','Sabado','2020-07-25 09:00:00','2020-07-25 13:00:00',49,8,'2020-07-01 12:42:48',1,0,1,20),(227,'2020-07-27 00:00:00',NULL,'Lunes','Lunes','2020-07-27 09:00:00','2020-07-27 13:00:00',49,8,'2020-07-01 12:43:07',1,0,1,20),(228,'2020-07-30 00:00:00',NULL,'Jueves','Jueves','2020-07-30 14:00:00','2020-07-30 18:00:00',49,8,'2020-07-01 12:43:26',1,0,1,20),(229,'2020-07-03 00:00:00',NULL,'Viernes','Viernes','2020-07-03 09:00:00','2020-07-03 18:00:00',48,8,'2020-07-01 12:46:27',1,0,1,20),(230,'2020-07-06 00:00:00',NULL,'Lunes','Lunes','2020-07-06 15:00:00','2020-07-06 18:00:00',48,8,'2020-07-01 12:47:00',1,0,1,20),(231,'2020-07-10 00:00:00',NULL,'Viernes','Viernes','2020-07-10 09:00:00','2020-07-10 18:00:00',48,8,'2020-07-01 12:47:22',1,0,1,20),(232,'2020-07-13 00:00:00',NULL,'Lunes','Lunes','2020-07-13 15:00:00','2020-07-13 18:00:00',48,8,'2020-07-01 12:49:53',1,0,1,20),(233,'2020-07-17 00:00:00',NULL,'Viernes','Viernes','2020-07-17 09:00:00','2020-07-17 18:00:00',48,8,'2020-07-01 12:50:38',1,0,1,20),(234,'2020-07-20 00:00:00',NULL,'Lunes','Lunes','2020-07-20 15:00:00','2020-07-20 18:00:00',48,8,'2020-07-01 12:50:56',1,0,1,20),(235,'2020-07-24 00:00:00',NULL,'Viernes','Viernes','2020-07-24 09:00:00','2020-07-24 18:00:00',48,8,'2020-07-01 12:51:17',1,0,1,20),(236,'2020-07-27 00:00:00',NULL,'Lunes','Lunes','2020-07-27 15:00:00','2020-07-27 18:00:00',48,8,'2020-07-01 12:51:35',1,0,1,20),(237,'2020-07-31 00:00:00',NULL,'Viernes','Viernes','2020-07-31 09:00:00','2020-07-31 18:00:00',48,8,'2020-07-01 12:51:50',1,0,1,20),(238,'2020-07-02 00:00:00',NULL,'Jueves','Jueves','2020-07-02 09:00:00','2020-07-02 13:00:00',54,8,'2020-07-01 12:55:32',1,0,1,20),(239,'2020-07-04 00:00:00',NULL,'Sabado','Sabado','2020-07-04 09:00:00','2020-07-04 13:00:00',54,8,'2020-07-01 12:55:47',1,0,1,20),(240,'2020-07-07 00:00:00',NULL,'Martes','Martes','2020-07-07 09:00:00','2020-07-07 18:00:00',54,8,'2020-07-01 12:56:02',1,0,1,20),(241,'2020-07-09 00:00:00',NULL,'Jueves','Jueves','2020-07-09 09:00:00','2020-07-09 13:00:00',54,8,'2020-07-01 12:56:21',1,0,1,20),(242,'2020-07-14 00:00:00',NULL,'Martes','Martes','2020-07-14 09:00:00','2020-07-14 18:00:00',54,8,'2020-07-01 12:56:39',1,0,1,20),(243,'2020-07-16 00:00:00',NULL,'Jueves','Jueves','2020-07-16 09:00:00','2020-07-16 13:00:00',54,8,'2020-07-01 12:57:04',1,0,1,20),(244,'2020-07-18 00:00:00',NULL,'Sabado','Sabado','2020-07-18 09:00:00','2020-07-18 13:00:00',54,8,'2020-07-01 12:57:24',1,0,1,20),(245,'2020-07-21 00:00:00',NULL,'Martes','Martes','2020-07-21 09:00:00','2020-07-21 18:00:00',54,8,'2020-07-01 12:57:41',1,0,1,20),(246,'2020-07-23 00:00:00',NULL,'Jueves','Jueves','2020-07-23 09:00:00','2020-07-23 13:00:00',54,8,'2020-07-01 12:58:01',1,0,1,20),(247,'2020-07-30 00:00:00',NULL,'Miercoles','Jueves','2020-07-30 09:00:00','2020-07-30 13:00:00',54,8,'2020-07-01 12:58:23',1,0,1,20),(248,'2020-07-01 00:00:00',NULL,'Miercoles','Miercoles','2020-07-01 09:00:00','2020-07-01 12:00:00',41,9,'2020-07-01 13:04:42',1,0,1,20),(249,'2020-07-03 00:00:00',NULL,'Viernes','Viernes','2020-07-03 09:00:00','2020-07-03 12:00:00',41,9,'2020-07-01 13:05:02',1,0,1,20),(250,'2020-07-06 00:00:00',NULL,'Lunes','Lunes','2020-07-06 09:00:00','2020-07-06 12:00:00',41,9,'2020-07-01 13:05:19',1,0,1,20),(251,'2020-07-08 00:00:00',NULL,'Miercoles','Miercoles','2020-07-08 09:00:00','2020-07-08 12:00:00',41,9,'2020-07-01 13:05:39',1,0,1,20),(252,'2020-07-10 00:00:00',NULL,'Viernes','Viernes','2020-07-10 09:00:00','2020-07-10 12:00:00',41,9,'2020-07-01 13:06:03',1,0,1,20),(253,'2020-07-13 00:00:00',NULL,'Lunes','Lunes','2020-07-13 09:00:00','2020-07-13 12:00:00',41,9,'2020-07-01 13:06:27',1,0,1,20),(254,'2020-07-15 00:00:00',NULL,'Miercoles','Miercoles','2020-07-15 09:00:00','2020-07-15 12:00:00',41,9,'2020-07-01 13:07:29',1,0,1,20),(255,'2020-07-17 00:00:00',NULL,'Viernes','Viernes','2020-07-17 09:00:00','2020-07-17 12:00:00',41,9,'2020-07-01 13:07:49',1,0,1,20),(256,'2020-07-20 00:00:00',NULL,'Lunes','Lunes','2020-07-20 09:00:00','2020-07-20 12:00:00',41,9,'2020-07-01 13:08:03',1,0,1,20),(257,'2020-07-22 00:00:00',NULL,'Miercoles','Miercoles','2020-07-22 09:00:00','2020-07-22 12:00:00',41,9,'2020-07-01 13:08:25',1,0,1,20),(258,'2020-07-24 00:00:00',NULL,'Viernes','Viernes','2020-07-24 09:00:00','2020-07-24 12:00:00',41,9,'2020-07-01 13:08:39',1,0,1,20),(259,'2020-07-27 00:00:00',NULL,'Lunes','Lunes','2020-07-27 09:00:00','2020-07-27 12:00:00',41,9,'2020-07-01 13:08:52',1,0,1,20),(260,'2020-07-31 00:00:00',NULL,'Viernes','Viernes','2020-07-31 09:00:00','2020-07-31 12:00:00',41,9,'2020-07-01 13:09:09',1,0,1,20),(261,'2020-07-01 00:00:00',NULL,'Miercoles','Miercoles','2020-07-01 14:00:00','2020-07-01 17:00:00',47,9,'2020-07-01 13:09:42',1,0,1,20),(262,'2020-07-02 00:00:00',NULL,'Jueves','Jueves','2020-07-02 14:00:00','2020-07-02 17:00:00',47,9,'2020-07-01 13:10:09',1,0,1,20),(263,'2020-07-06 00:00:00',NULL,'Lunes','Lunes','2020-07-06 14:00:00','2020-07-06 17:00:00',47,9,'2020-07-01 13:10:30',1,0,1,20),(264,'2020-07-07 00:00:00',NULL,'Martes','Martes','2020-07-07 14:00:00','2020-07-07 17:00:00',47,9,'2020-07-01 13:11:26',1,0,1,20),(265,'2020-07-08 00:00:00',NULL,'Miercoles','Miercoles','2020-07-08 14:00:00','2020-07-08 17:00:00',47,9,'2020-07-01 13:11:49',1,0,1,20),(266,'2020-07-09 00:00:00',NULL,'Jueves','Jueves','2020-07-09 14:00:00','2020-07-09 17:00:00',47,9,'2020-07-01 13:12:12',1,0,1,20),(267,'2020-07-13 00:00:00',NULL,'Lunes','Lunes','2020-07-13 14:00:00','2020-07-13 17:00:00',47,9,'2020-07-01 13:12:31',1,0,1,20),(268,'2020-07-14 00:00:00',NULL,'Martes','Martes','2020-07-14 14:00:00','2020-07-14 17:00:00',47,9,'2020-07-01 13:12:56',1,0,1,20),(269,'2020-07-15 00:00:00',NULL,'Miercoles','Miercoles','2020-07-15 14:00:00','2020-07-15 17:00:00',47,9,'2020-07-01 13:13:20',1,0,1,20),(270,'2020-07-16 00:00:00',NULL,'Jueves','Jueves','2020-07-16 14:00:00','2020-07-16 17:00:00',47,9,'2020-07-01 13:13:39',1,0,1,20),(271,'2020-07-20 00:00:00',NULL,'Lunes','Lunes','2020-07-20 14:00:00','2020-07-20 17:00:00',47,9,'2020-07-01 13:13:57',1,0,1,20),(272,'2020-07-21 00:00:00',NULL,'Martes','Martes','2020-07-21 14:00:00','2020-07-21 17:00:00',47,9,'2020-07-01 13:14:13',1,0,1,20),(273,'2020-07-22 00:00:00',NULL,'Miercoles','Miercoles','2020-07-22 14:00:00','2020-07-22 17:00:00',47,9,'2020-07-01 13:14:51',1,0,1,20),(274,'2020-07-23 00:00:00',NULL,'Jueves','Jueves','2020-07-23 14:00:00','2020-07-23 17:00:00',47,9,'2020-07-01 13:15:08',1,0,1,20),(275,'2020-07-27 00:00:00',NULL,'Lunes','Lunes','2020-07-27 14:00:00','2020-07-27 17:00:00',47,9,'2020-07-01 13:15:26',1,0,1,20),(276,'2020-07-30 00:00:00',NULL,'Jueves','Jueves','2020-07-30 14:00:00','2020-07-30 17:00:00',47,9,'2020-07-01 13:15:47',1,0,1,20),(277,'2020-07-02 00:00:00',NULL,'Jueves','Jueves','2020-07-02 09:00:00','2020-07-02 13:00:00',49,9,'2020-07-01 13:16:29',1,0,1,20),(278,'2020-07-07 00:00:00',NULL,'Martes','Martes','2020-07-07 09:00:00','2020-07-07 11:00:00',49,9,'2020-07-01 13:16:54',1,0,1,20),(279,'2020-07-09 00:00:00',NULL,'Jueves','Jueves','2020-07-09 09:00:00','2020-07-09 13:00:00',49,9,'2020-07-01 13:18:27',1,0,1,20),(280,'2020-07-14 00:00:00',NULL,'Martes','Martes','2020-07-14 09:00:00','2020-07-14 11:00:00',49,9,'2020-07-01 13:18:58',1,0,1,20),(281,'2020-07-16 00:00:00',NULL,'Jueves','Jueves','2020-07-16 09:00:00','2020-07-16 13:00:00',49,9,'2020-07-01 13:19:17',1,0,1,20),(282,'2020-07-21 00:00:00',NULL,'Martes','Martes','2020-07-21 09:00:00','2020-07-21 11:00:00',49,9,'2020-07-01 13:19:34',1,0,1,20),(283,'2020-07-23 00:00:00',NULL,'Jueves','Jueves','2020-07-23 09:00:00','2020-07-23 13:00:00',49,9,'2020-07-01 13:19:52',1,0,1,20),(284,'2020-07-30 00:00:00',NULL,'Jueves','Jueves','2020-07-30 09:00:00','2020-07-30 13:00:00',49,9,'2020-07-01 13:20:14',1,0,1,20),(285,'2020-07-03 00:00:00',NULL,'Viernes','Viernes','2020-07-03 14:30:00','2020-07-03 16:30:00',42,9,'2020-07-01 13:20:48',1,0,1,20),(286,'2020-07-07 00:00:00',NULL,'Martes','Martes','2020-07-07 11:00:00','2020-07-07 13:00:00',42,9,'2020-07-01 13:21:10',1,0,1,20),(287,'2020-07-10 00:00:00',NULL,'Viernes','Viernes','2020-07-10 14:30:00','2020-07-10 16:30:00',42,9,'2020-07-01 13:21:37',1,0,1,20),(288,'2020-07-14 00:00:00',NULL,'Martes','Martes','2020-07-14 11:00:00','2020-07-14 13:00:00',42,9,'2020-07-01 13:21:57',1,0,1,20),(289,'2020-07-17 00:00:00',NULL,'Viernes','Viernes','2020-07-17 14:30:00','2020-07-17 16:30:00',42,9,'2020-07-01 13:22:21',1,0,1,20),(290,'2020-07-21 00:00:00',NULL,'Martes','Martes','2020-07-21 11:00:00','2020-07-21 13:00:00',42,9,'2020-07-01 13:22:42',1,0,1,20),(291,'2020-07-24 00:00:00',NULL,'Viernes','Viernes','2020-07-24 14:30:00','2020-07-24 16:30:00',42,9,'2020-07-01 13:23:12',1,0,1,20),(292,'2020-07-31 00:00:00',NULL,'Viernes','Viernes','2020-07-31 14:30:00','2020-07-31 16:30:00',42,9,'2020-07-01 13:23:35',1,0,1,20);
/*!40000 ALTER TABLE `horario` ENABLE KEYS */;
UNLOCK TABLES;

--
-- Table structure for table `horario_trabajo`
--

DROP TABLE IF EXISTS `horario_trabajo`;
/*!40101 SET @saved_cs_client     = @@character_set_client */;
/*!50503 SET character_set_client = utf8mb4 */;
CREATE TABLE `horario_trabajo` (
  `id` int NOT NULL AUTO_INCREMENT,
  `id_medico` int DEFAULT NULL,
  `descripcion` varchar(100) DEFAULT NULL,
  `activo` tinyint(1) DEFAULT NULL,
  PRIMARY KEY (`id`),
  KEY `id_medico` (`id_medico`),
  CONSTRAINT `horario_trabajo_ibfk_1` FOREIGN KEY (`id_medico`) REFERENCES `usuario` (`usuario_id`)
) ENGINE=InnoDB AUTO_INCREMENT=7 DEFAULT CHARSET=latin1;
/*!40101 SET character_set_client = @saved_cs_client */;

--
-- Dumping data for table `horario_trabajo`
--

LOCK TABLES `horario_trabajo` WRITE;
/*!40000 ALTER TABLE `horario_trabajo` DISABLE KEYS */;
INSERT INTO `horario_trabajo` VALUES (1,41,'Horario por defecto',1),(3,41,'Horario 2',0),(5,41,'Horario 1',0),(6,42,'Horario 1',1);
/*!40000 ALTER TABLE `horario_trabajo` ENABLE KEYS */;
UNLOCK TABLES;

--
-- Table structure for table `horario_trabajo_dias`
--

DROP TABLE IF EXISTS `horario_trabajo_dias`;
/*!40101 SET @saved_cs_client     = @@character_set_client */;
/*!50503 SET character_set_client = utf8mb4 */;
CREATE TABLE `horario_trabajo_dias` (
  `id` int NOT NULL AUTO_INCREMENT,
  `dia` int NOT NULL,
  `inicio_hora` time DEFAULT NULL,
  `fin_hora` time DEFAULT NULL,
  `id_horario_trabajo` int DEFAULT NULL,
  PRIMARY KEY (`id`),
  KEY `id_horario_trabajo` (`id_horario_trabajo`),
  CONSTRAINT `horario_trabajo_dias_ibfk_1` FOREIGN KEY (`id_horario_trabajo`) REFERENCES `horario_trabajo` (`id`)
) ENGINE=InnoDB AUTO_INCREMENT=6 DEFAULT CHARSET=latin1;
/*!40101 SET character_set_client = @saved_cs_client */;

--
-- Dumping data for table `horario_trabajo_dias`
--

LOCK TABLES `horario_trabajo_dias` WRITE;
/*!40000 ALTER TABLE `horario_trabajo_dias` DISABLE KEYS */;
INSERT INTO `horario_trabajo_dias` VALUES (1,7,'14:00:00','18:00:00',1),(2,1,'14:00:00','15:00:00',1),(3,3,'14:00:00','15:00:00',1),(5,1,'14:00:00','15:00:00',6);
/*!40000 ALTER TABLE `horario_trabajo_dias` ENABLE KEYS */;
UNLOCK TABLES;

--
-- Table structure for table `moneda`
--

DROP TABLE IF EXISTS `moneda`;
/*!40101 SET @saved_cs_client     = @@character_set_client */;
/*!50503 SET character_set_client = utf8mb4 */;
CREATE TABLE `moneda` (
  `id` int NOT NULL AUTO_INCREMENT,
  `descripcion` varchar(45) DEFAULT NULL,
  `codsunat` varchar(4) DEFAULT NULL,
  `codNubeFact` varchar(1) DEFAULT NULL,
  PRIMARY KEY (`id`)
) ENGINE=InnoDB AUTO_INCREMENT=3 DEFAULT CHARSET=utf8mb4 COLLATE=utf8mb4_0900_ai_ci;
/*!40101 SET character_set_client = @saved_cs_client */;

--
-- Dumping data for table `moneda`
--

LOCK TABLES `moneda` WRITE;
/*!40000 ALTER TABLE `moneda` DISABLE KEYS */;
INSERT INTO `moneda` VALUES (1,'Soles','PEN','1'),(2,'Dolares','USD','2');
/*!40000 ALTER TABLE `moneda` ENABLE KEYS */;
UNLOCK TABLES;

--
-- Table structure for table `pago`
--

DROP TABLE IF EXISTS `pago`;
/*!40101 SET @saved_cs_client     = @@character_set_client */;
/*!50503 SET character_set_client = utf8mb4 */;
CREATE TABLE `pago` (
  `pago_id` int NOT NULL AUTO_INCREMENT,
  `pago_monto` varchar(400) CHARACTER SET utf8 COLLATE utf8_spanish_ci DEFAULT NULL,
  `pago_referencia` varchar(400) CHARACTER SET utf8 COLLATE utf8_spanish_ci DEFAULT NULL,
  `pago_activo` int DEFAULT NULL,
  `pago_eliminado` int DEFAULT NULL,
  `pago_fechareg` datetime DEFAULT NULL,
  `pago_fechapago` varchar(400) CHARACTER SET utf8 COLLATE utf8_spanish_ci DEFAULT NULL,
  `usuario_id` int DEFAULT NULL,
  `cita_id` int DEFAULT NULL,
  `formapago_id` int DEFAULT NULL,
  `estatus_id` int DEFAULT NULL,
  `pago_observacion` text CHARACTER SET utf8 COLLATE utf8_spanish_ci,
  `pago_img` varchar(400) CHARACTER SET utf8 COLLATE utf8_spanish_ci DEFAULT NULL,
  `pago_banco` varchar(200) CHARACTER SET utf8 COLLATE utf8_spanish_ci DEFAULT NULL,
  PRIMARY KEY (`pago_id`)
) ENGINE=InnoDB AUTO_INCREMENT=28 DEFAULT CHARSET=utf8 COLLATE=utf8_spanish_ci;
/*!40101 SET character_set_client = @saved_cs_client */;

--
-- Dumping data for table `pago`
--

LOCK TABLES `pago` WRITE;
/*!40000 ALTER TABLE `pago` DISABLE KEYS */;
INSERT INTO `pago` VALUES (1,'','',0,1,'2020-06-10 20:34:22','2020-06-10 20:34:22',1,6,1,1,'','',''),(2,'','',0,1,'2020-06-10 20:36:15','2020-06-10 20:36:15',1,6,1,1,'','',''),(3,'','',0,1,'2020-06-10 21:18:11','2020-06-10 21:18:11',1,7,1,1,'','',''),(4,'','',1,0,'2020-06-10 21:39:59','2020-06-10 21:39:59',0,8,1,1,'','',''),(5,'','',0,1,'2020-06-11 09:24:08','2020-06-11 09:24:08',1,11,1,1,'','',''),(6,'23','',1,0,'2020-06-11 09:28:57','2020-06-11 09:28:57',1,12,1,2,'','',''),(7,'23','',1,0,'2020-06-12 16:12:52','2020-06-12 16:12:52',1,14,1,1,'','',''),(8,'23','',1,0,'2020-06-12 16:27:57','2020-06-12 16:27:57',1,15,1,1,'','',''),(9,'23','',0,0,'2020-06-12 16:35:04','2020-06-12 16:35:04',34,16,1,2,'','',''),(10,'23','',0,0,'2020-06-12 16:38:12','2020-06-12 16:38:12',34,17,1,1,'','',''),(11,'40','',1,0,'2020-06-12 20:57:58','2020-06-12 20:57:58',35,23,1,1,'','',''),(12,'0','',1,0,'2020-06-12 21:08:54','2020-06-12 21:08:54',35,20,1,1,'','',''),(13,'23','',1,0,'2020-06-13 12:49:40','2020-06-13 12:49:40',31,25,1,2,'','',''),(14,'23','',1,0,'2020-06-16 13:55:58','2020-06-16 13:55:58',17,28,1,1,'','',''),(15,'23','',1,0,'2020-06-17 01:01:32','2020-06-17 01:01:32',35,32,1,2,'','',''),(16,'23','',1,0,'2020-06-17 12:34:48','2020-06-17 12:34:48',35,33,1,2,'','',''),(17,'23','',1,0,'2020-06-17 13:22:52','2020-06-17 13:22:52',17,34,1,1,'','',''),(18,'23','',1,0,'2020-06-17 13:35:17','2020-06-17 13:35:17',35,36,1,2,'','',''),(19,'23','',1,0,'2020-06-17 13:43:14','2020-06-17 13:43:14',38,38,1,1,'','',''),(20,'100','',1,0,'2020-07-02 11:51:26','2020-07-02 11:51:26',1,42,1,2,'','',''),(21,'400','',1,0,'2020-07-15 12:28:08','2020-07-15 12:28:08',65,54,1,1,'','',''),(22,'100','',1,0,'2020-07-15 12:47:13','2020-07-15 12:47:13',65,55,1,1,'','',''),(23,'100','',1,0,'2020-07-30 17:45:52','2020-07-30 17:45:52',72,58,1,2,'','',''),(24,'100','',1,0,'2020-08-06 21:01:52','2020-08-06 21:01:52',77,64,1,1,'','',''),(25,'400','',1,0,'2020-08-18 19:59:33','2020-08-18 19:59:33',81,78,1,1,'','',''),(26,'400','',1,0,'2020-08-19 17:30:17','2020-08-19 17:30:17',1,79,1,2,'','',''),(27,'400','',0,0,'2020-08-24 04:00:34','2020-08-24 04:00:34',81,81,1,2,'','','');
/*!40000 ALTER TABLE `pago` ENABLE KEYS */;
UNLOCK TABLES;

--
-- Table structure for table `perfil`
--

DROP TABLE IF EXISTS `perfil`;
/*!40101 SET @saved_cs_client     = @@character_set_client */;
/*!50503 SET character_set_client = utf8mb4 */;
CREATE TABLE `perfil` (
  `perfil_id` int NOT NULL AUTO_INCREMENT,
  `perfil_nombre` varchar(255) DEFAULT NULL,
  `perfil_activo` int DEFAULT NULL,
  `perfil_eliminado` int DEFAULT NULL,
  PRIMARY KEY (`perfil_id`)
) ENGINE=InnoDB AUTO_INCREMENT=4 DEFAULT CHARSET=utf8mb4 COLLATE=utf8mb4_0900_ai_ci;
/*!40101 SET character_set_client = @saved_cs_client */;

--
-- Dumping data for table `perfil`
--

LOCK TABLES `perfil` WRITE;
/*!40000 ALTER TABLE `perfil` DISABLE KEYS */;
INSERT INTO `perfil` VALUES (1,'Administrador',1,0),(2,'Medico',1,0),(3,'Paciente',1,0);
/*!40000 ALTER TABLE `perfil` ENABLE KEYS */;
UNLOCK TABLES;

--
-- Table structure for table `productos`
--

DROP TABLE IF EXISTS `productos`;
/*!40101 SET @saved_cs_client     = @@character_set_client */;
/*!50503 SET character_set_client = utf8mb4 */;
CREATE TABLE `productos` (
  `idProducto` int NOT NULL AUTO_INCREMENT,
  `idProveedor` int DEFAULT NULL,
  `idCalificacion` int DEFAULT NULL,
  `nombreProducto` varchar(45) DEFAULT NULL,
  `descripcionProducto` varchar(45) DEFAULT NULL,
  `especificacionesProducto` varchar(45) DEFAULT NULL,
  `precioProducto` float DEFAULT NULL,
  `fechaExpiracionProducto` datetime DEFAULT NULL,
  `fechaIngresoProducto` datetime DEFAULT NULL,
  `cantidadStockProducto` float DEFAULT NULL,
  `colorProducto` varchar(45) DEFAULT NULL,
  `tamProducto` varchar(45) DEFAULT NULL,
  `alturaProducto` varchar(45) DEFAULT NULL,
  `anchoProducto` varchar(45) DEFAULT NULL,
  `volumenProducto` varchar(45) DEFAULT NULL,
  `pesoProducto` varchar(45) DEFAULT NULL,
  `marcaProducto` varchar(45) DEFAULT NULL,
  `modeloProducto` varchar(45) DEFAULT NULL,
  `skuProducto` varchar(45) DEFAULT NULL,
  `codigoProducto` varchar(45) DEFAULT NULL,
  `tiempoGarantiaProducto` varchar(45) DEFAULT NULL,
  `fotoPrincipalProducto` varchar(45) DEFAULT NULL,
  `fotosGaleriaProducto` varchar(45) DEFAULT NULL,
  `estadoProducto` int DEFAULT NULL,
  `cantidadClicksProducto` int DEFAULT NULL,
  `cantidadPetencialesComprasProducto` int DEFAULT NULL,
  `idUnidadMedida` int DEFAULT NULL,
  `idAfectacionIgv` varchar(2) DEFAULT NULL,
  PRIMARY KEY (`idProducto`)
) ENGINE=InnoDB AUTO_INCREMENT=7 DEFAULT CHARSET=utf8mb4 COLLATE=utf8mb4_0900_ai_ci;
/*!40101 SET character_set_client = @saved_cs_client */;

--
-- Dumping data for table `productos`
--

LOCK TABLES `productos` WRITE;
/*!40000 ALTER TABLE `productos` DISABLE KEYS */;
INSERT INTO `productos` VALUES (1,2,0,'AAA','ssssssss','ssss',10,'2020-12-31 00:00:00','2020-09-01 00:00:00',78,'','','','','','','','',NULL,'','','',NULL,1,0,0,NULL,NULL),(2,2,0,'Pppkpk','jkjkjk','ssss',10,'2020-12-31 00:00:00','2020-09-01 00:00:00',78,'','','','','','','','',NULL,'','','',NULL,1,0,0,NULL,NULL),(3,2,0,'trtrtrt','xxxx','uuu',10,'2020-12-31 00:00:00','2020-09-01 00:00:00',78,'','','','','','','','',NULL,'','','',NULL,1,0,0,NULL,NULL),(4,1,0,'aaaaa','bbb','ffff',10,'2020-12-31 00:00:00','2020-09-07 00:00:00',50,'fdd','fgfg','fgfg','fgfg','rrr','ttt','ybbb','',NULL,'12345','','',NULL,1,0,0,1,'10'),(5,2,0,'saaaaaaaaaaaaaaaaaaaaaaaa','ddddddddddddddd','',15,'2020-12-31 00:00:00','2020-09-09 00:00:00',100,'','','','','','','','',NULL,'abcd','','',NULL,1,0,0,1,'10'),(6,3,0,'ppppppppppp','kkkkkkkkkkkk','',45,'2020-12-31 00:00:00','2020-09-09 00:00:00',45,'','','','','','','','',NULL,'kjh','','',NULL,1,0,0,1,'20');
/*!40000 ALTER TABLE `productos` ENABLE KEYS */;
UNLOCK TABLES;

--
-- Table structure for table `profesionales`
--

DROP TABLE IF EXISTS `profesionales`;
/*!40101 SET @saved_cs_client     = @@character_set_client */;
/*!50503 SET character_set_client = utf8mb4 */;
CREATE TABLE `profesionales` (
  `_pk_doctor` varchar(255) NOT NULL,
  `z_timestamp_create` datetime DEFAULT NULL,
  `z_timestamp_mod` datetime DEFAULT NULL,
  `name` varchar(255) DEFAULT NULL,
  `name_ap_pat` varchar(255) DEFAULT NULL,
  `name_ap_mat` varchar(255) DEFAULT NULL,
  `especialidad` varchar(255) DEFAULT NULL,
  `tieneagenda` int DEFAULT NULL,
  `email` varchar(255) DEFAULT NULL,
  `esdoctor` int DEFAULT NULL,
  `horadesde` time DEFAULT NULL,
  `horahasta` time DEFAULT NULL,
  `horamodulo` time DEFAULT NULL,
  `horatexto` varchar(255) DEFAULT NULL,
  `esbiologo` int DEFAULT NULL,
  `esobstetra` int DEFAULT NULL,
  `esobstetraplus` int DEFAULT NULL,
  PRIMARY KEY (`_pk_doctor`)
) ENGINE=InnoDB DEFAULT CHARSET=latin1;
/*!40101 SET character_set_client = @saved_cs_client */;

--
-- Dumping data for table `profesionales`
--

LOCK TABLES `profesionales` WRITE;
/*!40000 ALTER TABLE `profesionales` DISABLE KEYS */;
/*!40000 ALTER TABLE `profesionales` ENABLE KEYS */;
UNLOCK TABLES;

--
-- Table structure for table `profesionales2`
--

DROP TABLE IF EXISTS `profesionales2`;
/*!40101 SET @saved_cs_client     = @@character_set_client */;
/*!50503 SET character_set_client = utf8mb4 */;
CREATE TABLE `profesionales2` (
  `_pk_doctor` varchar(255) NOT NULL,
  `z_timestamp_create` datetime DEFAULT NULL,
  `z_timestamp_mod` datetime DEFAULT NULL,
  `name` varchar(255) DEFAULT NULL,
  `name_ap_pat` varchar(255) DEFAULT NULL,
  `name_ap_mat` varchar(255) DEFAULT NULL,
  `especialidad` varchar(255) DEFAULT NULL,
  `tieneagenda` int DEFAULT NULL,
  `email` varchar(255) DEFAULT NULL,
  `esdoctor` int DEFAULT NULL,
  `horadesde` time DEFAULT NULL,
  `horahasta` time DEFAULT NULL,
  `horamodulo` time DEFAULT NULL,
  `horatexto` varchar(255) DEFAULT NULL,
  `esbiologo` int DEFAULT NULL,
  `esobstetra` int DEFAULT NULL,
  `esobstetraplus` int DEFAULT NULL,
  PRIMARY KEY (`_pk_doctor`)
) ENGINE=InnoDB DEFAULT CHARSET=latin1;
/*!40101 SET character_set_client = @saved_cs_client */;

--
-- Dumping data for table `profesionales2`
--

LOCK TABLES `profesionales2` WRITE;
/*!40000 ALTER TABLE `profesionales2` DISABLE KEYS */;
/*!40000 ALTER TABLE `profesionales2` ENABLE KEYS */;
UNLOCK TABLES;

--
-- Table structure for table `proveedor`
--

DROP TABLE IF EXISTS `proveedor`;
/*!40101 SET @saved_cs_client     = @@character_set_client */;
/*!50503 SET character_set_client = utf8mb4 */;
CREATE TABLE `proveedor` (
  `idProveedor` int NOT NULL AUTO_INCREMENT,
  `nombreProveedor` varchar(45) DEFAULT NULL,
  `tipoDocumentoProveedor` varchar(45) DEFAULT NULL,
  `numeroDocumentoProveedor` varchar(45) DEFAULT NULL,
  PRIMARY KEY (`idProveedor`)
) ENGINE=InnoDB AUTO_INCREMENT=4 DEFAULT CHARSET=utf8mb4 COLLATE=utf8mb4_0900_ai_ci;
/*!40101 SET character_set_client = @saved_cs_client */;

--
-- Dumping data for table `proveedor`
--

LOCK TABLES `proveedor` WRITE;
/*!40000 ALTER TABLE `proveedor` DISABLE KEYS */;
INSERT INTO `proveedor` VALUES (1,'xxxxx','fdfdf','12345678978'),(2,'vc','cccc','78787878787878'),(3,'kjkjkjk','bbbbbbbbbbbbb','10453440252');
/*!40000 ALTER TABLE `proveedor` ENABLE KEYS */;
UNLOCK TABLES;

--
-- Table structure for table `sede`
--

DROP TABLE IF EXISTS `sede`;
/*!40101 SET @saved_cs_client     = @@character_set_client */;
/*!50503 SET character_set_client = utf8mb4 */;
CREATE TABLE `sede` (
  `sede_id` int NOT NULL AUTO_INCREMENT,
  `sede_nombre` varchar(200) DEFAULT NULL,
  `sede_img` varchar(255) NOT NULL,
  `sede_nombrecorto` varchar(200) DEFAULT NULL,
  `sede_activo` int DEFAULT NULL,
  `sede_eliminado` int DEFAULT NULL,
  `sede_fechareg` datetime DEFAULT NULL,
  PRIMARY KEY (`sede_id`)
) ENGINE=InnoDB AUTO_INCREMENT=11 DEFAULT CHARSET=utf8mb4 COLLATE=utf8mb4_0900_ai_ci;
/*!40101 SET character_set_client = @saved_cs_client */;

--
-- Dumping data for table `sede`
--

LOCK TABLES `sede` WRITE;
/*!40000 ALTER TABLE `sede` DISABLE KEYS */;
INSERT INTO `sede` VALUES (1,'Los Olivos','losolivos.jpg','losolivos',1,0,NULL),(2,'San Isidro','sanisidro.jpg','sanisidro',1,0,NULL),(3,'Arequipa','arequipa.jpg','arequipa',1,1,'2020-06-08 22:59:07'),(6,'Tacna','tacna.jpg','tacna',1,1,'2020-06-16 10:03:10'),(7,'Santa Anita','santaanita.jpg','santaanita',1,0,'2020-07-01 12:08:31'),(8,'San Juan de Miraflores','sanjuandemiraflores.jpg','sanjuandemiraflores',1,0,'2020-07-01 12:36:30'),(9,'Monterrico','monterrico.jpg','monterrico',0,0,'2020-07-01 12:36:46'),(10,'Trujillo','trujillo.jpg','trujillo',1,0,'2020-07-01 12:36:46');
/*!40000 ALTER TABLE `sede` ENABLE KEYS */;
UNLOCK TABLES;

--
-- Table structure for table `servicios`
--

DROP TABLE IF EXISTS `servicios`;
/*!40101 SET @saved_cs_client     = @@character_set_client */;
/*!50503 SET character_set_client = utf8mb4 */;
CREATE TABLE `servicios` (
  `idServicio` int NOT NULL AUTO_INCREMENT,
  `idProveedor` int DEFAULT NULL,
  `idCalificacion` int DEFAULT NULL,
  `idHorario` int DEFAULT NULL,
  `nombreServicio` varchar(200) DEFAULT NULL,
  `descripcionServicio` varchar(200) DEFAULT NULL,
  `precioServicio` float DEFAULT NULL,
  `fechaExpiracionServicio` datetime DEFAULT NULL,
  `cantidadStockServicio` float DEFAULT NULL,
  `codigoServicio` varchar(45) DEFAULT NULL,
  `tiempoGarantiaServicio` varchar(45) DEFAULT NULL,
  `fotosGaleriaServicio` varchar(45) DEFAULT NULL,
  `estadoServicio` int DEFAULT NULL,
  `cantidadClicksServicio` int DEFAULT NULL,
  `cantidadPotencialesComprasServicio` int DEFAULT NULL,
  `idUnidadMedida` int DEFAULT NULL,
  `idAfectacionIgv` varchar(2) DEFAULT NULL,
  PRIMARY KEY (`idServicio`)
) ENGINE=InnoDB AUTO_INCREMENT=7 DEFAULT CHARSET=utf8mb4 COLLATE=utf8mb4_0900_ai_ci;
/*!40101 SET character_set_client = @saved_cs_client */;

--
-- Dumping data for table `servicios`
--

LOCK TABLES `servicios` WRITE;
/*!40000 ALTER TABLE `servicios` DISABLE KEYS */;
INSERT INTO `servicios` VALUES (1,2,0,0,'nnnn','bbbb',0,'2020-09-07 00:00:00',0,'','','',1,NULL,NULL,NULL,NULL),(2,1,0,0,'kkkkkkkkkkkkkk','uuuuuuuuuuu',10,'2020-09-07 00:00:00',100,'ooo','','',1,NULL,NULL,NULL,NULL),(3,3,0,0,'pppppppppppp','nnnnnnnnnnnnnnn',15,'2020-08-07 00:00:00',10,'','','',1,NULL,NULL,NULL,NULL),(4,3,0,0,'dddd','ssdsd',100,'2020-09-07 00:00:00',45,'','','',1,NULL,NULL,NULL,NULL),(5,3,0,0,'ooo','mjjj',10,'2020-09-07 00:00:00',16,'','','unnamed (1).jpg',1,NULL,NULL,NULL,NULL),(6,3,0,0,'zxzx','AAA',12,'2020-09-08 00:00:00',15,'ddd','','Uso de mascarilla.jpg',1,NULL,NULL,2,'10');
/*!40000 ALTER TABLE `servicios` ENABLE KEYS */;
UNLOCK TABLES;

--
-- Table structure for table `tabla_aux`
--

DROP TABLE IF EXISTS `tabla_aux`;
/*!40101 SET @saved_cs_client     = @@character_set_client */;
/*!50503 SET character_set_client = utf8mb4 */;
CREATE TABLE `tabla_aux` (
  `codigo` varchar(4) NOT NULL,
  `descripcion` varchar(45) DEFAULT NULL,
  PRIMARY KEY (`codigo`)
) ENGINE=InnoDB DEFAULT CHARSET=utf8mb4 COLLATE=utf8mb4_0900_ai_ci;
/*!40101 SET character_set_client = @saved_cs_client */;

--
-- Dumping data for table `tabla_aux`
--

LOCK TABLES `tabla_aux` WRITE;
/*!40000 ALTER TABLE `tabla_aux` DISABLE KEYS */;
INSERT INTO `tabla_aux` VALUES ('0564','VALOR FACTURADO DE LA EXPORTACION'),('0565','BASE IMP. DE LA OPERACION GRABADA'),('0566','EXONERADA'),('0567','INAFECTA');
/*!40000 ALTER TABLE `tabla_aux` ENABLE KEYS */;
UNLOCK TABLES;

--
-- Table structure for table `tipo_afectacion_igv`
--

DROP TABLE IF EXISTS `tipo_afectacion_igv`;
/*!40101 SET @saved_cs_client     = @@character_set_client */;
/*!50503 SET character_set_client = utf8mb4 */;
CREATE TABLE `tipo_afectacion_igv` (
  `afecIgvCodigo` varchar(2) NOT NULL,
  `afecIgvDescripcion` varchar(45) DEFAULT NULL,
  `afecIgvTabla` varchar(4) DEFAULT NULL,
  `codNubeFact` varchar(2) DEFAULT NULL,
  PRIMARY KEY (`afecIgvCodigo`)
) ENGINE=InnoDB DEFAULT CHARSET=utf8mb4 COLLATE=utf8mb4_0900_ai_ci;
/*!40101 SET character_set_client = @saved_cs_client */;

--
-- Dumping data for table `tipo_afectacion_igv`
--

LOCK TABLES `tipo_afectacion_igv` WRITE;
/*!40000 ALTER TABLE `tipo_afectacion_igv` DISABLE KEYS */;
INSERT INTO `tipo_afectacion_igv` VALUES ('10','Gravado - Operación Onerosa','0565','1'),('11','Gravado - Retiro por premio','0565','2'),('12','Gravado - Retiro por donación','0565','3'),('13','Gravado - Retiro','0565','4'),('14','Gravado - Retiro por publicidad','0565','5'),('15','Gravado - Bonificaciones','0565','6'),('16','Gravado - Retiro por entrega a trabajadores','0565','7'),('20','Exonerado - Operación Onerosa','0566','8'),('30','Inafecto - Operación Onerosa','0567','9'),('31','Inafecto - Retiro por Bonificación','0567','10'),('32','Inafecto - Retiro','0567','11'),('33','Inafecto - Retiro por Muestras Médicas','0567','12'),('34','Inafecto - Retiro por Convenio Colectivo','0567','13'),('35','Inafecto - Retiro por premio','0567','14'),('36','Inafecto - Retiro por publicidad','0567','15'),('40','Exportación','0564','16');
/*!40000 ALTER TABLE `tipo_afectacion_igv` ENABLE KEYS */;
UNLOCK TABLES;

--
-- Table structure for table `tipo_producto`
--

DROP TABLE IF EXISTS `tipo_producto`;
/*!40101 SET @saved_cs_client     = @@character_set_client */;
/*!50503 SET character_set_client = utf8mb4 */;
CREATE TABLE `tipo_producto` (
  `id` int NOT NULL AUTO_INCREMENT,
  `descripcion` varchar(45) DEFAULT NULL,
  PRIMARY KEY (`id`)
) ENGINE=InnoDB AUTO_INCREMENT=3 DEFAULT CHARSET=utf8mb4 COLLATE=utf8mb4_0900_ai_ci;
/*!40101 SET character_set_client = @saved_cs_client */;

--
-- Dumping data for table `tipo_producto`
--

LOCK TABLES `tipo_producto` WRITE;
/*!40000 ALTER TABLE `tipo_producto` DISABLE KEYS */;
INSERT INTO `tipo_producto` VALUES (1,'Bien'),(2,'Servicio');
/*!40000 ALTER TABLE `tipo_producto` ENABLE KEYS */;
UNLOCK TABLES;

--
-- Table structure for table `tipoestatus`
--

DROP TABLE IF EXISTS `tipoestatus`;
/*!40101 SET @saved_cs_client     = @@character_set_client */;
/*!50503 SET character_set_client = utf8mb4 */;
CREATE TABLE `tipoestatus` (
  `tipoestatus_id` int NOT NULL AUTO_INCREMENT,
  `tipoestatus_nombre` varchar(200) CHARACTER SET utf8 COLLATE utf8_spanish_ci DEFAULT NULL,
  PRIMARY KEY (`tipoestatus_id`)
) ENGINE=InnoDB AUTO_INCREMENT=3 DEFAULT CHARSET=utf8 COLLATE=utf8_spanish_ci;
/*!40101 SET character_set_client = @saved_cs_client */;

--
-- Dumping data for table `tipoestatus`
--

LOCK TABLES `tipoestatus` WRITE;
/*!40000 ALTER TABLE `tipoestatus` DISABLE KEYS */;
INSERT INTO `tipoestatus` VALUES (1,'Estatus de Pagos'),(2,'Estatus de Reservas');
/*!40000 ALTER TABLE `tipoestatus` ENABLE KEYS */;
UNLOCK TABLES;

--
-- Table structure for table `unidad_medida`
--

DROP TABLE IF EXISTS `unidad_medida`;
/*!40101 SET @saved_cs_client     = @@character_set_client */;
/*!50503 SET character_set_client = utf8mb4 */;
CREATE TABLE `unidad_medida` (
  `id` int NOT NULL AUTO_INCREMENT,
  `descripcion` varchar(45) DEFAULT NULL,
  `codfe` varchar(4) DEFAULT NULL,
  PRIMARY KEY (`id`)
) ENGINE=InnoDB AUTO_INCREMENT=3 DEFAULT CHARSET=utf8mb4 COLLATE=utf8mb4_0900_ai_ci;
/*!40101 SET character_set_client = @saved_cs_client */;

--
-- Dumping data for table `unidad_medida`
--

LOCK TABLES `unidad_medida` WRITE;
/*!40000 ALTER TABLE `unidad_medida` DISABLE KEYS */;
INSERT INTO `unidad_medida` VALUES (1,'Unidades','NIU'),(2,'Servicio','ZZ');
/*!40000 ALTER TABLE `unidad_medida` ENABLE KEYS */;
UNLOCK TABLES;

--
-- Table structure for table `usuario`
--

DROP TABLE IF EXISTS `usuario`;
/*!40101 SET @saved_cs_client     = @@character_set_client */;
/*!50503 SET character_set_client = utf8mb4 */;
CREATE TABLE `usuario` (
  `usuario_id` int NOT NULL AUTO_INCREMENT,
  `usuario_nombre` varchar(255) DEFAULT NULL,
  `usuario_apellido` varchar(255) DEFAULT NULL,
  `usuario_email` varchar(255) DEFAULT NULL,
  `usuario_clave` varchar(255) DEFAULT NULL,
  `usuario_dni` varchar(255) DEFAULT NULL,
  `usuario_celular` varchar(255) DEFAULT NULL,
  `usuario_img` varchar(255) DEFAULT NULL,
  `perfil_id` int DEFAULT NULL,
  `usuario_activo` int DEFAULT NULL,
  `usuario_eliminado` int DEFAULT NULL,
  `usuario_fechareg` datetime DEFAULT NULL,
  `usuario_idreg` int DEFAULT NULL,
  `usuario_paypal` varchar(200) DEFAULT NULL,
  `usuario_precio` double DEFAULT NULL,
  `f_nacimiento` varchar(10) DEFAULT NULL,
  `alerg_enferm` varchar(200) DEFAULT NULL,
  `pais` varchar(20) DEFAULT NULL,
  `ciudad` varchar(20) DEFAULT NULL,
  `seguro` varchar(50) DEFAULT NULL,
  `tipo_doc_id` int DEFAULT NULL,
  `direccion` varchar(45) DEFAULT NULL,
  PRIMARY KEY (`usuario_id`)
) ENGINE=InnoDB AUTO_INCREMENT=87 DEFAULT CHARSET=utf8mb4 COLLATE=utf8mb4_0900_ai_ci;
/*!40101 SET character_set_client = @saved_cs_client */;

--
-- Dumping data for table `usuario`
--

LOCK TABLES `usuario` WRITE;
/*!40000 ALTER TABLE `usuario` DISABLE KEYS */;
INSERT INTO `usuario` VALUES (1,'Admin','Admin','admin','admin','','',NULL,1,1,0,NULL,NULL,'a@gmail.com',NULL,'',NULL,NULL,NULL,NULL,NULL,NULL),(2,'Dr. Carlos',NULL,'carlos','carlos',NULL,NULL,NULL,2,0,1,NULL,NULL,NULL,NULL,'',NULL,NULL,NULL,NULL,NULL,NULL),(3,'Jose','Perez','jose','jose',NULL,NULL,NULL,3,0,1,NULL,NULL,NULL,NULL,'',NULL,NULL,NULL,NULL,NULL,NULL),(4,'1','2','3','4','5','6','',2,0,1,'2020-06-08 22:37:44',0,NULL,NULL,'',NULL,NULL,NULL,NULL,NULL,NULL),(5,'1','2','3','4','5','6','5edee810e2aa3.png',2,0,1,'2020-06-08 22:38:24',0,NULL,NULL,'',NULL,NULL,NULL,NULL,NULL,NULL),(6,'1','2','3','4','5','6','',2,0,1,'2020-06-08 22:38:45',0,NULL,NULL,'',NULL,NULL,NULL,NULL,NULL,NULL),(7,'Maria','Gonzalez','maria','1234','808050580','293273723823','5ee174a75a394.jpg',2,0,1,'2020-06-08 22:39:18',0,NULL,23,'',NULL,NULL,NULL,NULL,NULL,NULL),(8,'1','2','demo@call.com','demo','6','45','1.png',3,0,1,'2020-06-09 09:07:33',0,NULL,NULL,'',NULL,NULL,NULL,NULL,NULL,NULL),(9,'52','5','1','1','5','5','5edf810094372.png',3,0,1,'2020-06-09 09:11:23',0,NULL,NULL,'',NULL,NULL,NULL,NULL,NULL,NULL),(10,'Martin','Lopez','martin','martin','','23423423','5ee174f46002c.jpg',2,0,1,'2020-06-10 21:04:04',1,NULL,40,'',NULL,NULL,NULL,NULL,NULL,NULL),(11,'Martin','Lopez','martin','martin','','','5ee174f94b094.jpg',2,0,1,'2020-06-10 21:04:09',1,NULL,40,'',NULL,NULL,NULL,NULL,NULL,NULL),(12,'Martin','Lopez','martin','martin','1','2','5ee17503c8ec8.jpg',2,0,1,'2020-06-10 21:04:19',1,NULL,40,'',NULL,NULL,NULL,NULL,NULL,NULL),(13,'Pablo','Martinez','pablo','pablo','','2342344','5ee17594f3d6c.jpg',2,0,1,'2020-06-10 21:05:27',1,NULL,45,'',NULL,NULL,NULL,NULL,NULL,NULL),(14,'Laura1','Gonzalez','paciente','demo','','','',1,1,0,'2020-06-10 21:16:28',1,NULL,NULL,'',NULL,NULL,NULL,NULL,NULL,NULL),(15,'Patricio','Fernandez','patricio','patricio','','','',3,1,0,'2020-06-10 21:16:43',1,NULL,NULL,'',NULL,NULL,NULL,NULL,NULL,NULL),(16,'Luis','Aparicio','luis','luis','','','',3,1,0,'2020-06-10 21:16:54',1,NULL,NULL,'',NULL,NULL,NULL,NULL,NULL,NULL),(17,'Demo','Demo','demo','1234','70435464','996577127','1.png',3,1,0,'2020-06-10 22:00:51',0,NULL,NULL,'',NULL,NULL,NULL,NULL,NULL,NULL),(18,'user1','ap','junior.ht.t@outlook.com','123','12345678','123456789','1.png',3,1,0,'2020-06-11 17:44:07',0,NULL,NULL,'',NULL,NULL,NULL,NULL,NULL,NULL),(22,'1','2','user3','123','','4','1.png',3,1,0,'2020-06-11 18:11:21',0,NULL,NULL,'11/11/1111','5','6','7','RIMAC S.A. ENTIDAD PRESTADORA DE SALUD',NULL,NULL),(23,'doc 1','ap','doc@doc.com','123','123','123','',2,0,1,'2020-06-11 18:45:24',1,NULL,10,NULL,NULL,NULL,NULL,NULL,NULL,NULL),(24,'doc 2','ap','doc@doc.com','123','123','123','',2,0,1,'2020-06-11 18:46:31',1,NULL,10,NULL,NULL,NULL,NULL,NULL,NULL,NULL),(25,'doc 3','ap','doc@doc.com','123','123','321','',2,0,1,'2020-06-11 18:47:40',1,NULL,10,NULL,NULL,NULL,NULL,NULL,NULL,NULL),(26,'doc 3','ap','doc@doc.com','123','123','321','',2,0,1,'2020-06-11 18:48:56',1,NULL,10,NULL,NULL,NULL,NULL,NULL,NULL,NULL),(27,'','','','','','','1.png',3,1,0,'2020-06-11 18:59:24',0,NULL,NULL,NULL,NULL,NULL,NULL,NULL,NULL,NULL),(28,'','','','','','','1.png',3,1,0,'2020-06-11 19:02:20',0,NULL,NULL,NULL,NULL,NULL,NULL,NULL,NULL,NULL),(29,'nombre','4','1','2','23','6','1.png',3,1,0,'2020-06-11 19:45:24',0,'',NULL,'11/11/1111','7','8','9','EL PACIFICO PERUUANO-SUIZA CIA SEG Y REA',NULL,NULL),(30,'3','4','1','2','','6','1.png',3,1,0,'2020-06-11 19:45:35',0,NULL,NULL,'11/11/1111','1212','112','12','EL PACIFICO PERUUANO-SUIZA CIA SEG Y REA',NULL,NULL),(31,'Mijail','Quesada','morangesoftceo@gmail.com','demo','','990148228','1.png',3,1,0,'2020-06-11 19:47:48',0,NULL,NULL,'10/09/1988','Dermatitis','Peru','Lima','ONCOSALUD',NULL,NULL),(32,'Mijail','Quesada','info@morangesoft.com','demo','','990388822','1.png',3,1,0,'2020-06-11 19:48:49',0,NULL,NULL,'10/09/1988','Derma','Peru','Lima','MAPFRE PERU COMPAÑÍA DE SEGUROS Y REASEGUROS S.A.',NULL,NULL),(33,'1','1','1','1','','1','1.png',3,1,0,'2020-06-11 19:48:59',0,NULL,NULL,'11/11/1111','','1','1','PACIFICO S.A. ENTIDAD PRESTADORA DE SALUD',NULL,NULL),(34,'percy','porroa','percyporroapaucarv@gmail.com','12345678','','123456789','1.png',3,1,0,'2020-06-12 16:00:55',0,NULL,NULL,'27/03/1998','','peru','lima','',NULL,NULL),(37,'Luis','Maita','rayovector4@gmail.com','040188122189','','9999oo88','1.png',3,1,0,'2020-06-16 23:18:05',0,NULL,NULL,'04/01/1988','','Venezuela','Maracaibo','',NULL,NULL),(38,'Roberto','Arbe','roberto.arbe@osirisperu.com','1234','','999999999','1.png',3,1,0,'2020-06-17 13:26:45',0,NULL,NULL,'10/09/1988','','Perú','La Molina','',NULL,NULL),(39,'Mijail','Quesada','info@morangesoft.com','gogostar99','','990148228','1.png',3,1,0,'2020-06-18 10:57:48',0,NULL,NULL,'10/09/1989','','Peru','Lima','',NULL,NULL),(40,'Fanny','Mendoza','fanny.mendoza@serprosa.com.pe','aliciag','','986691886','1.png',3,1,0,'2020-06-19 15:46:22',0,NULL,NULL,'18/11/1990','','Perú','Lima','',NULL,NULL),(41,'LUIS ','NORIEGA HOCES','noriegahoces@concebir.com','1234','','987654321','5ef10ea0da98a.jpg',2,1,0,'2020-06-22 17:03:44',1,NULL,400,NULL,NULL,NULL,NULL,NULL,NULL,NULL),(42,'LUIS ','NORIEGA PORTELLA','doc@doc.com','1234','','987654321','5ef10fd934c53.jpg',2,1,0,'2020-06-22 17:08:24',1,NULL,300,NULL,NULL,NULL,NULL,NULL,NULL,NULL),(43,'ALICIA','ELÍAS','aliciaelias@concebir.com','1234','','987654321','5ef1102314521.jpg',2,1,0,'2020-06-22 17:09:54',1,'',100,NULL,NULL,NULL,NULL,NULL,NULL,NULL),(44,'SILVANA','BARDALEZ','doc@doc.com','1234','','987654321','5ef110a5c71db.jpg',2,1,0,'2020-06-22 17:12:21',1,NULL,100,NULL,NULL,NULL,NULL,NULL,NULL,NULL),(45,'CARLOS','ZÚÑIGA','doc@doc.com','1234','','987654321','5ef1126306ded.jpg',2,1,0,'2020-06-22 17:14:20',1,NULL,100,NULL,NULL,NULL,NULL,NULL,NULL,NULL),(46,'ENRIQUE ','NORIEGA','doc@doc.com','1234','','987654321','5ef1127ac4e77.jpg',2,1,0,'2020-06-22 17:16:01',1,NULL,100,NULL,NULL,NULL,NULL,NULL,NULL,NULL),(47,'MARÍA JOSÉ ','MENDIOLA','doc@doc.com','1234','','987654321','5ef1124663fa6.jpg',2,1,0,'2020-06-22 17:19:18',1,NULL,100,NULL,NULL,NULL,NULL,NULL,NULL,NULL),(48,'SILVIA','ORTÍZ','doc@doc.com','1234','','987654321','5ef11305afdf4.jpg',2,1,0,'2020-06-22 17:22:29',1,NULL,100,NULL,NULL,NULL,NULL,NULL,NULL,NULL),(49,'MARIELLA ','PITA','doc@doc.com','1234','','987654321','5ef11332357db.jpg',2,1,0,'2020-06-22 17:23:14',1,NULL,100,NULL,NULL,NULL,NULL,NULL,NULL,NULL),(50,'ABIGAIL ','OROCHE','doc@doc.com','1234','','987654321','5ef113d24df82.jpg',2,1,0,'2020-06-22 17:25:54',1,NULL,100,NULL,NULL,NULL,NULL,NULL,NULL,NULL),(51,'MARÍA PÍA ','QUIROGA','doc@doc.com','1234','','987654321','5ef113ff945d6.jpg',2,1,0,'2020-06-22 17:26:39',1,NULL,100,NULL,NULL,NULL,NULL,NULL,NULL,NULL),(52,'FIORELLA ','CASTILLO','doc@doc.com','1234','','987654321','5ef11437055e7.jpg',2,1,0,'2020-06-22 17:27:35',1,NULL,100,NULL,NULL,NULL,NULL,NULL,NULL,NULL),(53,'GABRIELA ','CASES','doc@doc.com','1234','','987654321','5ef1166a56809.jpg',2,1,0,'2020-06-22 17:31:54',1,NULL,100,NULL,NULL,NULL,NULL,NULL,NULL,NULL),(54,'ANDREA ','DELGADO','doc@doc.com','1234','','987654321','5efcb1b93b1d8.jpg',2,1,0,'2020-07-01 12:54:33',1,NULL,100,NULL,NULL,NULL,NULL,NULL,NULL,NULL),(55,'Percy','Porroa','Hola@gmail.com','12345678','','935310589','1.png',3,1,0,'2020-07-02 17:57:22',0,NULL,NULL,'27/03/1998','','Peru','Lima','',NULL,NULL),(56,'Daniel','Jesús','daniel_jesus26@hotmail.com','password','','935603198','1.png',3,1,0,'2020-07-03 15:25:05',0,NULL,NULL,'26/10/1998','','PERU','CALLAO','RIMAC SEGUROS Y REASEGUROS',NULL,NULL),(57,'Daniel','Chávez','dani_chavez30@hotmail.com','password','','999666999','1.png',3,1,0,'2020-07-03 17:05:43',0,NULL,NULL,'26/10/1998','','PERU','LIMA','RIMAC S.A. ENTIDAD PRESTADORA DE SALUD',NULL,NULL),(58,'Yonathan','Huanca','jhon_08_2007@outlook.com','123','','12345687','1.png',3,1,0,'2020-07-03 18:57:07',0,NULL,NULL,'11/11/1111','','asd','asd','',NULL,NULL),(59,'Mijail','Quesada','bambilobotv@gmail.com','googstar99','','990148228','1.png',3,1,0,'2020-07-04 13:27:38',0,NULL,NULL,'10/09/1988','','Peru','Lima','',NULL,NULL),(60,'Sofia','Valverde','sofia@paciente.com','1234','','999999999','1.png',3,1,0,'2020-07-04 13:53:56',0,NULL,NULL,'10/09/1980','','Peru','Lima','',NULL,NULL),(61,'MEDICO','DR','admin','ADMIN','123456789','111222333','5f023991e89b1.jpg',2,0,1,'2020-07-05 17:35:29',1,NULL,30,NULL,NULL,NULL,NULL,NULL,NULL,NULL),(62,'MEDICO','DR','admin','ADMIN','123456789','111222333','5f023dc4a256a.jpg',3,0,1,'2020-07-05 17:53:24',1,NULL,NULL,NULL,NULL,NULL,NULL,NULL,NULL,NULL),(63,'123','123','test_123@hotmail.com','123','','12345687','1.png',3,1,0,'2020-07-10 04:27:25',0,NULL,NULL,'11/11/1111','','123','123','',NULL,NULL),(64,'Joel','Lara','joellara445@gmail.com','.123456789Abcd.','','991566444','1.png',3,1,0,'2020-07-11 18:45:21',0,NULL,NULL,'27/04/1991','','Peru','Lima','',NULL,NULL),(65,'Daniel ','Delgadillo','danielgrupoddv@gmail.com','20dejunio','','98220444441','1.png',3,1,0,'2020-07-15 12:19:35',0,NULL,NULL,'20/06/1997','','peru','lima','',NULL,NULL),(66,'Andrea','Alexandra','Andreaalexa1503@gmail.com','andrea15','','958256316','1.png',3,1,0,'2020-07-15 19:07:53',0,NULL,NULL,'15/03/1990','Rinitis, dermatitis alergica','Peru','Lima','',NULL,NULL),(67,'Roberto','Arbe','roberto.arbe@gmail.com','robertoarbe','','999999999','1.png',3,1,0,'2020-07-16 20:23:12',0,NULL,NULL,'09/09/1979','','Perú','Miraflores','',NULL,NULL),(68,'Mijail','Quesada','mijailquesada@morangesoft.com','demo','','990148228','1.png',3,1,0,'2020-07-19 11:04:09',0,NULL,NULL,'10/09/1988','ninguna','Perú','Lima','MAPFRE PERU COMPAÑÍA DE SEGUROS Y REASEGUROS S.A.',NULL,NULL),(69,'Aida','Celis Guerra','acegue@hotmail.com','lovely','','993452515','1.png',3,1,0,'2020-07-20 14:59:40',0,NULL,NULL,'09/09/1982','','Perú','Iquitos','MAPFRE PERU S.A. ENTIDAD PRESTADORA DE SALUD',NULL,NULL),(70,'Daniel Santos','Delgadillo Huaman','danielgrupoddv@gmail.com','20dejunio','','982200554','1.png',3,1,0,'2020-07-22 15:13:50',0,NULL,NULL,'20/06/1997','','Perú','Lima','',NULL,NULL),(71,'Julio','Quesada','morangesoftce212o@gmail.com','gogostar','','999999999','1.png',3,1,0,'2020-07-24 12:05:53',0,NULL,NULL,'10/09/1987','Ninguna','Perú','Lince','',NULL,NULL),(72,'Daniel','Jesús','daniel_jesus26@hotmail.com','daniel1234','','935603198','1.png',3,1,0,'2020-07-30 17:38:15',0,NULL,NULL,'26/10/1998','','Perú','Lima','',NULL,NULL),(73,'Daniel','Chavez','danieljesuschavez26@gmail.com','123456789','','987654321','1.png',3,1,0,'2020-07-30 18:50:24',0,NULL,NULL,'01/01/2000','','Perú','Lima','',NULL,NULL),(74,'Sebastian','Gutierrez Rivas','sebastian.gutierrez.17@hotmail.com','123456789','','987654321','1.png',3,1,0,'2020-07-30 18:55:15',0,NULL,NULL,'01/01/2000','','Perú','Lima','',NULL,NULL),(75,'Julio','Quesada','morangesoftceo@gmail.com','demo','','9999999434','1.png',3,1,0,'2020-07-30 20:11:04',0,NULL,NULL,'10/09/1988','','Perú','La Molina','',NULL,NULL),(76,'Mijail','Quesada Ramírez','info@morangesoft.com','gogostar99','','990388822','1.png',3,1,0,'2020-07-31 10:45:36',0,NULL,NULL,'10/09/1983','','Peru','Lima','',NULL,NULL),(77,'Mijail','Quesada','inf22o@morangesoft.com','demo','','990388822','1.png',3,1,0,'2020-07-31 11:19:42',0,NULL,NULL,'10/08/1986','','Peru','Lima','',NULL,NULL),(78,'Julio','Quesada','morangesoftceo@gmail.com','demo','','999999999','1.png',3,1,0,'2020-07-31 18:53:06',0,NULL,NULL,'10/09/1985','','Perú','La Molina','',NULL,NULL),(79,'Mijail','Quesada','inf2@morangesoft.com','demo','','9903888556','1.png',1,1,0,'2020-08-03 17:57:47',0,NULL,NULL,'10/09/1988','','Peru','Lima','',NULL,NULL),(80,'harin','sepulveda','hscueva@gmail.com','12345678','','987962435','1.png',3,1,0,'2020-08-06 20:34:45',0,NULL,NULL,'17/09/1970','','Perú','Lima','',NULL,NULL),(81,'nombre prueba','apellido prueba','correoprueba@gmail.com','contraseña','','935603198','',3,1,0,'2020-08-18 19:51:33',1,'',NULL,NULL,NULL,NULL,NULL,NULL,NULL,NULL),(82,'Mijail','Quesada','morangesoftceo@gmail.com','gogostar99','','990148228','1.png',3,1,0,'2020-08-24 11:17:46',0,NULL,NULL,'10/09/1988','','Peru','Lima','',NULL,NULL),(83,'Mijail','Quesada','morangesoftceo2452354@gmail.com','Gogostar#99','','990148228','1.png',3,1,0,'2020-08-24 12:03:52',0,NULL,NULL,'10/09/1988','','Peru','Lima','',NULL,NULL),(84,'PPP','TTTT','LLLL','123456','4534','5555',NULL,2,NULL,NULL,NULL,NULL,NULL,NULL,NULL,NULL,NULL,NULL,NULL,NULL,NULL),(85,'ppppp','kkkk','','','45344025','',NULL,3,NULL,NULL,NULL,NULL,NULL,NULL,NULL,NULL,NULL,NULL,NULL,4,'jr jy'),(86,'RRRR','YYYY','','','45344025','',NULL,3,NULL,NULL,NULL,NULL,NULL,NULL,NULL,NULL,NULL,NULL,NULL,2,'OOOOOOOO');
/*!40000 ALTER TABLE `usuario` ENABLE KEYS */;
UNLOCK TABLES;

--
-- Table structure for table `usuarioespecialidad`
--

DROP TABLE IF EXISTS `usuarioespecialidad`;
/*!40101 SET @saved_cs_client     = @@character_set_client */;
/*!50503 SET character_set_client = utf8mb4 */;
CREATE TABLE `usuarioespecialidad` (
  `usuarioespecialidad_id` int NOT NULL AUTO_INCREMENT,
  `usuario_id` int DEFAULT NULL,
  `especialidad_id` int DEFAULT NULL,
  `usuarioespecialidad_activo` int DEFAULT NULL,
  `usuarioespecialidad_eliminado` int DEFAULT NULL,
  `usuarioespecialidad_fechareg` datetime DEFAULT NULL,
  PRIMARY KEY (`usuarioespecialidad_id`)
) ENGINE=InnoDB AUTO_INCREMENT=78 DEFAULT CHARSET=utf8mb4 COLLATE=utf8mb4_0900_ai_ci;
/*!40101 SET character_set_client = @saved_cs_client */;

--
-- Dumping data for table `usuarioespecialidad`
--

LOCK TABLES `usuarioespecialidad` WRITE;
/*!40000 ALTER TABLE `usuarioespecialidad` DISABLE KEYS */;
INSERT INTO `usuarioespecialidad` VALUES (1,2,1,1,0,NULL),(2,5,1,0,1,'2020-06-08 23:15:45'),(3,5,2,0,1,'2020-06-08 23:15:45'),(4,5,1,0,1,'2020-06-08 23:15:52'),(5,5,2,0,1,'2020-06-08 23:19:06'),(6,5,2,1,0,'2020-06-08 23:19:13'),(7,7,1,0,1,'2020-06-09 12:23:19'),(8,7,2,0,1,'2020-06-09 12:23:19'),(9,7,1,0,1,'2020-06-09 15:50:37'),(10,7,2,0,1,'2020-06-09 15:50:37'),(11,7,1,0,1,'2020-06-10 19:07:01'),(12,7,2,0,1,'2020-06-10 19:07:01'),(13,7,4,0,1,'2020-06-10 19:07:01'),(14,7,5,0,1,'2020-06-10 20:58:21'),(15,7,6,0,1,'2020-06-10 20:58:21'),(16,7,7,0,1,'2020-06-10 20:58:21'),(17,7,5,0,1,'2020-06-10 21:02:47'),(18,7,6,0,1,'2020-06-10 21:02:47'),(19,7,7,0,1,'2020-06-10 21:02:47'),(20,10,5,0,1,'2020-06-10 21:04:41'),(21,13,7,0,1,'2020-06-10 21:06:15'),(22,13,7,1,0,'2020-06-10 21:06:44'),(23,23,5,1,0,'2020-06-11 18:45:24'),(24,24,7,1,0,'2020-06-11 18:46:31'),(25,25,5,1,0,'2020-06-11 18:47:40'),(26,26,5,1,0,'2020-06-11 18:48:56'),(27,7,5,0,1,'2020-06-12 16:05:27'),(28,7,6,0,1,'2020-06-12 16:05:27'),(29,7,7,0,1,'2020-06-12 16:05:27'),(30,36,6,1,0,'2020-06-12 17:15:28'),(31,10,5,1,0,'2020-06-16 10:05:09'),(32,7,5,1,0,'2020-06-16 10:05:30'),(33,7,6,1,0,'2020-06-16 10:05:30'),(34,7,7,1,0,'2020-06-16 10:05:30'),(35,41,5,0,1,'2020-06-22 17:03:44'),(36,41,5,0,1,'2020-06-22 17:04:23'),(37,42,5,0,1,'2020-06-22 17:08:24'),(38,42,5,0,1,'2020-06-22 17:08:57'),(39,43,5,0,1,'2020-06-22 17:09:54'),(40,43,5,0,1,'2020-06-22 17:10:11'),(41,44,5,0,1,'2020-06-22 17:12:21'),(42,45,5,0,1,'2020-06-22 17:14:20'),(43,46,5,0,1,'2020-06-22 17:16:01'),(44,47,5,0,1,'2020-06-22 17:19:18'),(45,45,5,0,1,'2020-06-22 17:19:47'),(46,46,5,0,1,'2020-06-22 17:20:10'),(47,48,5,0,1,'2020-06-22 17:22:29'),(48,49,5,0,1,'2020-06-22 17:23:14'),(49,50,5,0,1,'2020-06-22 17:25:54'),(50,51,5,1,0,'2020-06-22 17:26:39'),(51,52,5,0,1,'2020-06-22 17:27:35'),(52,53,8,0,1,'2020-06-22 17:31:54'),(53,53,8,1,0,'2020-06-22 17:36:58'),(54,54,5,0,1,'2020-07-01 12:54:33'),(55,54,5,0,1,'2020-07-01 12:55:06'),(56,41,5,0,1,'2020-07-01 20:38:46'),(57,42,5,0,1,'2020-07-01 20:39:16'),(58,42,5,0,1,'2020-07-01 20:40:15'),(59,43,5,0,1,'2020-07-01 20:40:51'),(60,44,5,1,0,'2020-07-01 20:41:23'),(61,45,5,1,0,'2020-07-01 20:41:54'),(62,46,5,1,0,'2020-07-01 20:42:12'),(63,47,5,1,0,'2020-07-01 20:42:53'),(64,48,5,1,0,'2020-07-01 20:43:25'),(65,49,5,1,0,'2020-07-01 20:43:59'),(66,50,5,1,0,'2020-07-01 20:44:23'),(67,52,5,1,0,'2020-07-01 20:45:18'),(68,54,5,1,0,'2020-07-01 20:45:37'),(69,61,5,1,0,'2020-07-05 17:35:29'),(70,41,5,1,0,'2020-07-09 19:30:45'),(71,42,5,1,0,'2020-07-09 19:30:54'),(72,43,5,0,1,'2020-07-15 13:06:29'),(73,43,5,0,1,'2020-07-15 13:06:37'),(74,43,8,0,1,'2020-07-15 13:06:43'),(75,43,5,0,1,'2020-07-15 13:06:50'),(76,43,5,0,1,'2020-07-15 13:07:29'),(77,43,5,1,0,'2020-07-15 13:07:44');
/*!40000 ALTER TABLE `usuarioespecialidad` ENABLE KEYS */;
UNLOCK TABLES;

--
-- Table structure for table `usuariosede`
--

DROP TABLE IF EXISTS `usuariosede`;
/*!40101 SET @saved_cs_client     = @@character_set_client */;
/*!50503 SET character_set_client = utf8mb4 */;
CREATE TABLE `usuariosede` (
  `usuariosede_id` int NOT NULL AUTO_INCREMENT,
  `usuario_id` int DEFAULT NULL,
  `sede_id` int DEFAULT NULL,
  `usuariosede_activo` int DEFAULT NULL,
  `usuariosede_eliminado` int DEFAULT NULL,
  `usuariosede_fechareg` datetime DEFAULT NULL,
  `usuario_precio` double DEFAULT NULL,
  PRIMARY KEY (`usuariosede_id`)
) ENGINE=InnoDB AUTO_INCREMENT=78 DEFAULT CHARSET=utf8mb4 COLLATE=utf8mb4_0900_ai_ci;
/*!40101 SET character_set_client = @saved_cs_client */;

--
-- Dumping data for table `usuariosede`
--

LOCK TABLES `usuariosede` WRITE;
/*!40000 ALTER TABLE `usuariosede` DISABLE KEYS */;
INSERT INTO `usuariosede` VALUES (1,2,1,1,0,NULL,15),(2,5,1,0,1,'2020-06-08 23:19:06',30),(3,5,2,0,1,'2020-06-08 23:19:06',15),(4,5,1,1,0,'2020-06-08 23:19:13',20),(5,7,1,0,1,'2020-06-09 12:23:19',NULL),(6,7,2,0,1,'2020-06-09 12:23:19',NULL),(7,7,1,0,1,'2020-06-09 15:50:37',NULL),(8,7,2,0,1,'2020-06-09 15:50:37',NULL),(9,7,1,0,1,'2020-06-10 19:07:01',NULL),(10,7,2,0,1,'2020-06-10 19:07:01',NULL),(11,7,1,0,1,'2020-06-10 20:58:21',NULL),(12,7,2,0,1,'2020-06-10 20:58:21',NULL),(13,7,1,0,1,'2020-06-10 21:02:47',NULL),(14,7,2,0,1,'2020-06-10 21:02:47',NULL),(15,10,1,0,1,'2020-06-10 21:04:41',NULL),(16,10,2,0,1,'2020-06-10 21:04:41',NULL),(17,13,2,0,1,'2020-06-10 21:06:15',NULL),(18,13,2,1,0,'2020-06-10 21:06:44',NULL),(19,23,2,1,0,'2020-06-11 18:45:24',NULL),(20,24,1,1,0,'2020-06-11 18:46:31',NULL),(21,25,1,1,0,'2020-06-11 18:47:40',NULL),(22,26,1,1,0,'2020-06-11 18:48:56',NULL),(23,7,1,0,1,'2020-06-12 16:05:27',NULL),(24,7,2,0,1,'2020-06-12 16:05:27',NULL),(25,36,2,1,0,'2020-06-12 17:15:28',NULL),(26,10,1,1,0,'2020-06-16 10:05:09',NULL),(27,10,2,1,0,'2020-06-16 10:05:09',NULL),(28,10,6,1,0,'2020-06-16 10:05:09',NULL),(29,7,6,1,0,'2020-06-16 10:05:30',NULL),(30,44,2,0,1,'2020-06-22 17:12:21',NULL),(31,45,1,0,1,'2020-06-22 17:14:20',NULL),(32,46,2,0,1,'2020-06-22 17:16:01',NULL),(33,47,2,0,1,'2020-06-22 17:19:18',NULL),(34,45,1,0,1,'2020-06-22 17:19:47',NULL),(35,46,2,0,1,'2020-06-22 17:20:10',NULL),(36,48,1,0,1,'2020-06-22 17:22:29',NULL),(37,50,2,0,1,'2020-06-22 17:25:54',NULL),(38,51,2,1,0,'2020-06-22 17:26:39',NULL),(39,52,1,0,1,'2020-06-22 17:27:35',NULL),(40,53,2,0,1,'2020-06-22 17:31:54',NULL),(41,53,2,1,0,'2020-06-22 17:36:58',NULL),(42,54,8,0,1,'2020-07-01 12:54:33',NULL),(43,54,8,0,1,'2020-07-01 12:55:06',NULL),(44,41,2,0,1,'2020-07-01 20:38:46',NULL),(45,41,9,0,1,'2020-07-01 20:38:46',NULL),(46,42,2,0,1,'2020-07-01 20:39:16',NULL),(47,42,2,0,1,'2020-07-01 20:40:15',NULL),(48,42,9,0,1,'2020-07-01 20:40:15',NULL),(49,43,1,0,1,'2020-07-01 20:40:51',NULL),(50,43,2,0,1,'2020-07-01 20:40:51',NULL),(51,44,2,1,0,'2020-07-01 20:41:23',NULL),(52,44,7,1,0,'2020-07-01 20:41:23',NULL),(53,45,2,1,0,'2020-07-01 20:41:54',NULL),(54,46,2,1,0,'2020-07-01 20:42:12',NULL),(55,46,7,1,0,'2020-07-01 20:42:12',NULL),(56,47,1,1,0,'2020-07-01 20:42:53',NULL),(57,47,9,1,0,'2020-07-01 20:42:53',NULL),(58,48,2,1,0,'2020-07-01 20:43:25',NULL),(59,48,8,1,0,'2020-07-01 20:43:25',NULL),(60,49,8,1,0,'2020-07-01 20:43:59',NULL),(61,49,9,1,0,'2020-07-01 20:43:59',NULL),(62,50,2,1,0,'2020-07-01 20:44:23',NULL),(63,52,1,1,0,'2020-07-01 20:45:18',NULL),(64,54,8,1,0,'2020-07-01 20:45:37',NULL),(65,61,1,1,0,'2020-07-05 17:35:29',NULL),(66,61,2,1,0,'2020-07-05 17:35:29',NULL),(67,61,7,1,0,'2020-07-05 17:35:29',NULL),(68,41,2,1,0,'2020-07-09 19:30:45',NULL),(69,41,9,1,0,'2020-07-09 19:30:45',NULL),(70,42,2,1,0,'2020-07-09 19:30:54',NULL),(71,42,9,1,0,'2020-07-09 19:30:54',10),(72,43,7,0,1,'2020-07-15 13:06:29',NULL),(73,43,7,0,1,'2020-07-15 13:06:37',NULL),(74,43,7,0,1,'2020-07-15 13:06:43',NULL),(75,43,7,0,1,'2020-07-15 13:06:50',NULL),(76,43,8,0,1,'2020-07-15 13:07:29',NULL),(77,43,2,1,0,'2020-07-15 13:07:44',NULL);
/*!40000 ALTER TABLE `usuariosede` ENABLE KEYS */;
UNLOCK TABLES;

--
-- Table structure for table `venta_cab`
--

DROP TABLE IF EXISTS `venta_cab`;
/*!40101 SET @saved_cs_client     = @@character_set_client */;
/*!50503 SET character_set_client = utf8mb4 */;
CREATE TABLE `venta_cab` (
  `id` int NOT NULL AUTO_INCREMENT,
  `comprobante_id` int DEFAULT NULL,
  `serie` varchar(4) DEFAULT NULL,
  `numero` varchar(8) DEFAULT NULL,
  `fechaEmision` datetime DEFAULT NULL,
  `cliente_id` int DEFAULT NULL,
  `glosa` varchar(300) DEFAULT NULL,
  `modena_id` int DEFAULT NULL,
  `tipo_cambio_monto` float DEFAULT NULL,
  `igv_tasa_porcentaje` float DEFAULT NULL,
  `total_gravada` float DEFAULT NULL,
  `total_inafecta` float DEFAULT NULL,
  `total_exonerada` float DEFAULT NULL,
  `total_igv` float DEFAULT NULL,
  `total_gratuita` float DEFAULT NULL,
  `total_otros_cargos` float DEFAULT NULL,
  `total` float DEFAULT NULL,
  `estado` int DEFAULT NULL,
  `aceptado_por_sunat` bit(1) DEFAULT NULL,
  `vendedor_id` int DEFAULT NULL,
  PRIMARY KEY (`id`)
) ENGINE=InnoDB AUTO_INCREMENT=47 DEFAULT CHARSET=utf8mb4 COLLATE=utf8mb4_0900_ai_ci;
/*!40101 SET character_set_client = @saved_cs_client */;

--
-- Dumping data for table `venta_cab`
--

LOCK TABLES `venta_cab` WRITE;
/*!40000 ALTER TABLE `venta_cab` DISABLE KEYS */;
INSERT INTO `venta_cab` VALUES (11,1,'0000','00000001','2020-09-10 00:00:00',85,NULL,1,1,NULL,8.47,0,90,1.53,0,0,100,1,NULL,NULL),(12,1,'0001','00000001','2020-09-10 00:00:00',85,NULL,1,1,NULL,0,0,225,0,0,0,225,1,NULL,NULL),(13,1,'0001','00000001','2020-09-10 00:00:00',85,NULL,1,1,NULL,0,0,45,0,0,0,45,1,NULL,NULL),(14,1,'0002','00000002','2020-09-10 00:00:00',85,'',1,1,NULL,10.17,0,0,1.83,0,0,0,1,NULL,NULL),(15,1,'0004','00000005','2020-09-10 00:00:00',85,'OOOOOOOOOOOOOOOOOOO',1,1,NULL,80.51,0,0,14.49,0,0,95,1,NULL,NULL),(16,2,'B001','00000001','2020-09-11 00:00:00',85,'ppp',1,1,NULL,8.47,0,0,1.53,0,0,10,1,NULL,NULL),(17,2,'B001','00000001','2020-09-11 00:00:00',85,'ooooooo',1,1,NULL,12.71,0,0,2.29,0,0,15,1,NULL,NULL),(18,2,'B001','00000001','2020-09-11 00:00:00',85,'pp',1,1,NULL,12.71,0,0,2.29,0,0,15,1,NULL,NULL),(19,2,'B001','00000006','2020-09-11 00:00:00',85,'PP',1,1,NULL,8.47,0,0,1.53,0,0,10,1,NULL,NULL),(20,2,'B001','00000007','2020-09-11 00:00:00',85,'PPP',1,1,NULL,8.47,0,0,1.53,0,0,10,1,NULL,NULL),(21,2,'B001','00000010','2020-09-11 00:00:00',86,'PPPP',1,1,NULL,16.95,0,0,3.05,0,0,20,1,NULL,NULL),(22,2,'B001','00000011','2020-09-11 00:00:00',86,'ppp',1,1,NULL,8.47,0,0,1.53,0,0,10,1,NULL,NULL),(23,2,'B001','00000012','2020-09-11 00:00:00',86,'oooo',1,1,NULL,8.47,0,0,1.53,0,0,10,1,NULL,NULL),(24,2,'B001','00000001','2020-09-11 00:00:00',86,'ooo',1,1,NULL,8.47,0,0,1.53,0,0,10,1,NULL,NULL),(25,2,'B001','00000014','2020-09-11 00:00:00',86,'ooo',1,1,NULL,101.69,0,0,18.31,0,0,120,1,NULL,NULL),(26,2,'B001','00000016','2020-09-11 00:00:00',86,'PPPPPPPPP',1,1,NULL,8.47,0,0,1.53,0,0,10,1,NULL,NULL),(27,2,'B001','00000017','2020-09-11 00:00:00',86,'OOOO',1,1,NULL,50.85,0,0,9.15,0,0,60,1,NULL,NULL),(28,2,'B001','00000018','2020-09-11 00:00:00',86,'OOOOOOOOOOOOOOOOOO',1,1,NULL,101.69,0,0,18.31,0,0,120,1,NULL,NULL),(29,2,'BBB1','00000020','2020-09-11 00:00:00',86,'LLLLLLLLLLLL',1,1,NULL,8.47,0,0,1.53,0,0,10,1,NULL,NULL),(30,2,'BBB1','00000022','2020-09-11 00:00:00',86,'ccccccccccc',1,1,NULL,8.47,0,0,1.53,0,0,10,1,_binary '\0',NULL),(31,2,'BBB1','00000001','2020-09-14 00:00:00',86,'ppppppppp',1,1,NULL,0,0,90,0,0,0,90,1,NULL,NULL),(32,2,'BBB1','00000020','2020-09-14 00:00:00',86,'KKK',1,1,NULL,0,0,45,0,0,0,45,1,_binary '\0',NULL),(33,2,'BBB1','00000030','2020-09-14 00:00:00',86,'ssssssssssssss',1,1,NULL,0,0,45,0,0,0,45,1,_binary '\0',NULL),(34,2,'BBB1','00000026','2020-09-14 00:00:00',86,'vvvvvvvvvvv',1,1,NULL,0,0,90,0,0,0,90,1,_binary '\0',NULL),(35,2,'BBB1','00000027','2020-09-14 00:00:00',86,'JJJJJJJJJ',1,1,NULL,0,0,90,0,0,0,90,1,NULL,NULL),(36,2,'BBB1','00000028','2020-09-14 00:00:00',86,'KKKKKKKK',1,1,NULL,0,0,45,0,0,0,45,1,NULL,NULL),(37,2,'BBB1','00000029','2020-09-14 00:00:00',86,'MMMMMMMM',1,1,NULL,12.71,0,0,2.29,0,0,15,1,NULL,NULL),(38,2,'BBB1','00000029','2020-09-14 00:00:00',86,'OOO',1,1,NULL,12.71,0,0,2.29,0,0,15,1,_binary '\0',NULL),(39,2,'BBB1','00000033','2020-09-14 00:00:00',86,'HHHHHHHHHHHH',1,1,NULL,38.14,0,0,6.86,0,0,45,1,NULL,NULL),(40,2,'BBB1','00000034','2020-09-14 00:00:00',85,'MMMMMMMMM',1,1,NULL,38.14,0,0,6.86,0,0,45,1,_binary '\0',NULL),(41,2,'BBB1','00000036','2020-09-14 00:00:00',86,'KKKKKKk',1,1,NULL,8.47,0,0,1.53,0,0,10,1,_binary '\0',NULL),(42,2,'BBB1','00000045','2020-09-14 00:00:00',86,'MMMMMMM',1,1,NULL,12.71,0,0,2.29,0,0,15,1,NULL,NULL),(43,2,'BBB1','00000047','2020-09-14 00:00:00',86,'HHHHHHHH',1,1,NULL,25.42,0,0,4.58,0,0,30,1,NULL,NULL),(44,2,'BBB1','00000049','2020-09-14 00:00:00',86,'MMMMMM',1,1,NULL,38.14,0,0,6.86,0,0,45,1,_binary '\0',NULL),(45,2,'BBB1','00000050','2020-09-14 00:00:00',86,'JJJJJJJJ',1,1,NULL,12.71,0,0,2.29,0,0,15,1,_binary '\0',NULL),(46,2,'BBB1','00000051','2020-09-14 00:00:00',86,'HHH',1,1,NULL,21.18,0,0,3.82,0,0,25,1,_binary '\0',NULL);
/*!40000 ALTER TABLE `venta_cab` ENABLE KEYS */;
UNLOCK TABLES;

--
-- Table structure for table `venta_det`
--

DROP TABLE IF EXISTS `venta_det`;
/*!40101 SET @saved_cs_client     = @@character_set_client */;
/*!50503 SET character_set_client = utf8mb4 */;
CREATE TABLE `venta_det` (
  `id_venta_cab` int NOT NULL,
  `id` int NOT NULL,
  `tipo_prod_ser_id` int DEFAULT NULL,
  `prod_serv_id` int DEFAULT NULL,
  `unidad_medida_id` int DEFAULT NULL,
  `cantidad` float DEFAULT NULL,
  `valor_unitario` float DEFAULT NULL,
  `precio_unitario` float DEFAULT NULL,
  `subtotal` float DEFAULT NULL,
  `tipo_de_igv` varchar(2) DEFAULT NULL,
  `igv` float DEFAULT NULL,
  `total` float DEFAULT NULL,
  PRIMARY KEY (`id`,`id_venta_cab`)
) ENGINE=InnoDB DEFAULT CHARSET=utf8mb4 COLLATE=utf8mb4_0900_ai_ci;
/*!40101 SET character_set_client = @saved_cs_client */;

--
-- Dumping data for table `venta_det`
--

LOCK TABLES `venta_det` WRITE;
/*!40000 ALTER TABLE `venta_det` DISABLE KEYS */;
INSERT INTO `venta_det` VALUES (11,1,1,4,1,1,8.47,10,8.47,'10',1.53,10),(12,1,1,6,1,5,45,45,225,'20',0,225),(13,1,1,6,1,1,45,45,45,'20',0,45),(14,1,2,6,2,1,10.17,12,12,'10',0,12),(15,1,1,4,1,5,8.47,10,50,'10',0,50),(16,1,1,4,1,1,8.47,10,8.47,'10',1.53,10),(17,1,1,5,1,1,12.71,15,12.71,'10',2.29,15),(18,1,1,5,1,1,12.71,15,12.71,'10',2.29,15),(19,1,1,4,1,1,8.47,10,8.47,'10',1.53,10),(20,1,1,4,1,1,8.47,10,8.47,'10',1.53,10),(21,1,1,4,1,2,8.47,10,16.95,'10',3.05,20),(22,1,1,4,1,1,8.47,10,8.47,'10',1.53,10),(23,1,1,4,1,1,8.47,10,8.47,'10',1.53,10),(24,1,1,4,1,1,8.47,10,8.47,'10',1.53,10),(25,1,1,4,1,12,8.47,10,101.69,'10',18.31,120),(26,1,1,4,1,1,8.47,10,8.47,'10',1.53,10),(27,1,1,4,1,6,8.47,10,50.85,'10',9.15,60),(28,1,1,4,1,12,8.47,10,101.69,'10',18.31,120),(29,1,1,4,1,1,8.47,10,8.47,'10',1.53,10),(30,1,1,4,1,1,8.47,10,8.47,'10',1.53,10),(31,1,1,6,1,2,45,45,90,'20',0,90),(32,1,1,6,1,1,45,45,45,'20',0,45),(33,1,1,6,1,1,45,45,45,'20',0,45),(34,1,1,6,1,2,45,45,90,'20',0,90),(35,1,1,6,1,2,45,45,90,'20',0,90),(36,1,1,6,1,1,45,45,45,'20',0,45),(37,1,1,5,1,1,12.71,15,12.71,'10',2.29,15),(38,1,1,5,1,1,12.71,15,12.71,'10',2.29,15),(39,1,1,5,1,3,12.71,15,38.14,'10',6.86,45),(40,1,1,5,1,3,12.71,15,38.14,'10',6.86,45),(41,1,1,4,1,1,8.47,10,8.47,'10',1.53,10),(42,1,1,5,1,1,12.71,15,12.71,'10',2.29,15),(43,1,1,5,1,2,12.71,15,25.42,'10',4.58,30),(44,1,1,5,1,3,12.71,15,38.14,'10',6.86,45),(45,1,1,5,1,1,12.71,15,12.71,'10',2.29,15),(46,1,1,4,1,1,8.47,10,8.47,'10',1.53,10),(11,2,1,6,1,2,45,45,76.27,'20',0,90),(15,2,1,5,1,3,12.71,15,45,'10',0,45),(46,2,1,5,1,1,12.71,15,12.71,'10',2.29,15);
/*!40000 ALTER TABLE `venta_det` ENABLE KEYS */;
UNLOCK TABLES;

--
-- Dumping events for database 'sacomici_concebir'
--

--
-- Dumping routines for database 'sacomici_concebir'
--
/*!50003 DROP PROCEDURE IF EXISTS `sp_ProductoInsertar` */;
/*!50003 SET @saved_cs_client      = @@character_set_client */ ;
/*!50003 SET @saved_cs_results     = @@character_set_results */ ;
/*!50003 SET @saved_col_connection = @@collation_connection */ ;
/*!50003 SET character_set_client  = utf8mb4 */ ;
/*!50003 SET character_set_results = utf8mb4 */ ;
/*!50003 SET collation_connection  = utf8mb4_0900_ai_ci */ ;
/*!50003 SET @saved_sql_mode       = @@sql_mode */ ;
/*!50003 SET sql_mode              = 'STRICT_TRANS_TABLES,NO_ENGINE_SUBSTITUTION' */ ;
DELIMITER ;;
CREATE   PROCEDURE `sp_ProductoInsertar`(
in idProducto int ,
in idProveedor int ,
in idCalificacion int ,
in nombreProducto varchar(300),
in descripcionProducto varchar(300),
in especificacionesProducto varchar(300),
in precioProducto float,
in fechaExpiracionProducto datetime,
in fechaIngresoProducto  datetime,
in cantidadStockProducto  float,
in colorProducto varchar(45),
in tamProducto varchar(45),
in alturaProducto varchar(45),
in anchoProducto varchar(45),
in volumenProducto  varchar(45),
in pesoProducto varchar(45),
in marcaProducto varchar(45),
in modeloProducto varchar(45),
in skuProducto varchar(45),
in codigoProducto varchar(45),
in tiempoGarantiaProducto varchar(45),
in fotoPrincipalProducto varchar(45),
in fotosGaleriaProducto varchar(45),
in cantidadClicksProducto int ,
in cantidadPetencialesComprasProducto int ,
in  idUnidadMedida int,
in idAfectacionIgv varchar(2)

)
BEGIN
		insert into productos (idProducto,
idProveedor,
idCalificacion,
nombreProducto,
descripcionProducto,
especificacionesProducto,
precioProducto,
fechaExpiracionProducto,
fechaIngresoProducto,
cantidadStockProducto,
colorProducto,
tamProducto,
alturaProducto,
anchoProducto,
volumenProducto,
pesoProducto,
marcaProducto,
modeloProducto,
skuProducto,
codigoProducto,
tiempoGarantiaProducto,
fotoPrincipalProducto,
fotosGaleriaProducto,
estadoProducto,
cantidadClicksProducto,
cantidadPetencialesComprasProducto,idUnidadMedida,idAfectacionIgv)
values( idProducto,
idProveedor,
idCalificacion,
nombreProducto,
descripcionProducto,
especificacionesProducto,
precioProducto,
fechaExpiracionProducto,
fechaIngresoProducto,
cantidadStockProducto,
colorProducto,
tamProducto,
alturaProducto,
anchoProducto,
volumenProducto,
pesoProducto,
marcaProducto,
modeloProducto,
skuProducto,
codigoProducto,
tiempoGarantiaProducto,
fotoPrincipalProducto,
fotosGaleriaProducto,
1,
cantidadClicksProducto,
cantidadPetencialesComprasProducto,idUnidadMedida,idAfectacionIgv);
END ;;
DELIMITER ;
/*!50003 SET sql_mode              = @saved_sql_mode */ ;
/*!50003 SET character_set_client  = @saved_cs_client */ ;
/*!50003 SET character_set_results = @saved_cs_results */ ;
/*!50003 SET collation_connection  = @saved_col_connection */ ;
/*!50003 DROP PROCEDURE IF EXISTS `sp_ProductoListar` */;
/*!50003 SET @saved_cs_client      = @@character_set_client */ ;
/*!50003 SET @saved_cs_results     = @@character_set_results */ ;
/*!50003 SET @saved_col_connection = @@collation_connection */ ;
/*!50003 SET character_set_client  = utf8mb4 */ ;
/*!50003 SET character_set_results = utf8mb4 */ ;
/*!50003 SET collation_connection  = utf8mb4_0900_ai_ci */ ;
/*!50003 SET @saved_sql_mode       = @@sql_mode */ ;
/*!50003 SET sql_mode              = 'STRICT_TRANS_TABLES,NO_ENGINE_SUBSTITUTION' */ ;
DELIMITER ;;
CREATE   PROCEDURE `sp_ProductoListar`(
in _idProducto int 
)
BEGIN
		if _idProducto != 0 then
			  select pro.idProducto,pro.idProveedor,prov.numeroDocumentoProveedor,prov.nombreProveedor,
				pro.idCalificacion,pro.nombreProducto,pro.descripcionProducto,
				pro.especificacionesProducto,pro.precioProducto,pro.fechaExpiracionProducto,
				pro.fechaIngresoProducto,pro.cantidadStockProducto,pro.colorProducto,
				pro.tamProducto,pro.alturaProducto,pro.anchoProducto,
				pro.volumenProducto,pro.pesoProducto,pro.marcaProducto,
				pro.modeloProducto,ifnull(pro.skuProducto,'') as skuProducto,pro.codigoProducto,pro.tiempoGarantiaProducto,
				ifnull(pro.fotoPrincipalProducto,'') as fotoPrincipalProducto, ifnull(pro.fotosGaleriaProducto,'') as fotosGaleriaProducto,
				pro.estadoProducto,pro.cantidadClicksProducto,pro.cantidadPetencialesComprasProducto
                ,ifnull(pro.idUnidadMedida,0) idUnidadMedida, 
                ifnull(med.descripcion,'') descripcionUnm,
                ifnull(pro.idAfectacionIgv,''),
                ifnull(tip.afecIgvDescripcion,'')
		from productos pro
		inner join proveedor prov on pro.idProveedor = prov.idProveedor
        left join unidad_medida med on pro.idUnidadMedida=med.id
        left join tipo_afectacion_igv tip on tip.afecIgvCodigo=pro.idAfectacionIgv
		where pro.idProducto = _idProducto and  pro.estadoProducto=1;  
        
        else 
       select pro.idProducto,pro.idProveedor,prov.numeroDocumentoProveedor,prov.nombreProveedor,
				pro.idCalificacion,pro.nombreProducto,pro.descripcionProducto,
				pro.especificacionesProducto,pro.precioProducto,pro.fechaExpiracionProducto,
				pro.fechaIngresoProducto,pro.cantidadStockProducto,pro.colorProducto,
				pro.tamProducto,pro.alturaProducto,pro.anchoProducto,
				pro.volumenProducto,pro.pesoProducto,pro.marcaProducto,
				pro.modeloProducto,ifnull(pro.skuProducto,'') as skuProducto,pro.codigoProducto,pro.tiempoGarantiaProducto,
				ifnull(pro.fotoPrincipalProducto,'') as fotoPrincipalProducto, ifnull(pro.fotosGaleriaProducto,'') as fotosGaleriaProducto,
				pro.estadoProducto,pro.cantidadClicksProducto,pro.cantidadPetencialesComprasProducto
				,ifnull(pro.idUnidadMedida,0) idUnidadMedida, 
				ifnull(med.descripcion,'') descripcionUnm,
				ifnull(pro.idAfectacionIgv,''),
				ifnull(tip.afecIgvDescripcion,'')
        from productos pro
		inner join proveedor prov on pro.idProveedor = prov.idProveedor
        left join unidad_medida med on pro.idUnidadMedida=med.id
        left join tipo_afectacion_igv tip on tip.afecIgvCodigo=pro.idAfectacionIgv
        
		where    pro.estadoProducto=1;  
        
        end if;

 
END ;;
DELIMITER ;
/*!50003 SET sql_mode              = @saved_sql_mode */ ;
/*!50003 SET character_set_client  = @saved_cs_client */ ;
/*!50003 SET character_set_results = @saved_cs_results */ ;
/*!50003 SET collation_connection  = @saved_col_connection */ ;
/*!50003 DROP PROCEDURE IF EXISTS `sp_ProductoListarPorCodigo` */;
/*!50003 SET @saved_cs_client      = @@character_set_client */ ;
/*!50003 SET @saved_cs_results     = @@character_set_results */ ;
/*!50003 SET @saved_col_connection = @@collation_connection */ ;
/*!50003 SET character_set_client  = utf8mb4 */ ;
/*!50003 SET character_set_results = utf8mb4 */ ;
/*!50003 SET collation_connection  = utf8mb4_0900_ai_ci */ ;
/*!50003 SET @saved_sql_mode       = @@sql_mode */ ;
/*!50003 SET sql_mode              = 'STRICT_TRANS_TABLES,NO_ENGINE_SUBSTITUTION' */ ;
DELIMITER ;;
CREATE   PROCEDURE `sp_ProductoListarPorCodigo`(
in _codigoProducto int 
)
BEGIN
 
	select pro.idProducto,pro.idProveedor,prov.numeroDocumentoProveedor,prov.nombreProveedor,
	pro.idCalificacion,pro.nombreProducto,pro.descripcionProducto,
	pro.especificacionesProducto,pro.precioProducto,pro.fechaExpiracionProducto,
	pro.fechaIngresoProducto,pro.cantidadStockProducto,pro.colorProducto,
	pro.tamProducto,pro.alturaProducto,pro.anchoProducto,
	pro.volumenProducto,pro.pesoProducto,pro.marcaProducto,
	pro.modeloProducto,ifnull(pro.skuProducto,'') as skuProducto,pro.codigoProducto,pro.tiempoGarantiaProducto,
	ifnull(pro.fotoPrincipalProducto,'') as fotoPrincipalProducto, ifnull(pro.fotosGaleriaProducto,'') as fotosGaleriaProducto,
	pro.estadoProducto,pro.cantidadClicksProducto,pro.cantidadPetencialesComprasProducto
   ,ifnull(pro.idUnidadMedida,0) idUnidadMedida, 
	ifnull(med.descripcion,'') descripcionUnm,
    ifnull(med.codfe,'') codfe,
	ifnull(pro.idAfectacionIgv,'') idAfectacionIgv,
	ifnull(tip.afecIgvDescripcion,'') afecIgvDescripcion,
    ifnull(tip.afecIgvTabla,'') afecIgvTabla,
    ifnull(tip.codNubeFact,'') codNubeFact
	from productos pro
	inner join proveedor prov on pro.idProveedor = prov.idProveedor
    left join unidad_medida med on pro.idUnidadMedida=med.id
    left join tipo_afectacion_igv tip on tip.afecIgvCodigo=pro.idAfectacionIgv
	where (_codigoProducto is null or pro.codigoProducto= _codigoProducto) and  pro.estadoProducto=1;  
        
 

 
END ;;
DELIMITER ;
/*!50003 SET sql_mode              = @saved_sql_mode */ ;
/*!50003 SET character_set_client  = @saved_cs_client */ ;
/*!50003 SET character_set_results = @saved_cs_results */ ;
/*!50003 SET collation_connection  = @saved_col_connection */ ;
/*!50003 DROP PROCEDURE IF EXISTS `sp_ProductoModificar` */;
/*!50003 SET @saved_cs_client      = @@character_set_client */ ;
/*!50003 SET @saved_cs_results     = @@character_set_results */ ;
/*!50003 SET @saved_col_connection = @@collation_connection */ ;
/*!50003 SET character_set_client  = utf8mb4 */ ;
/*!50003 SET character_set_results = utf8mb4 */ ;
/*!50003 SET collation_connection  = utf8mb4_0900_ai_ci */ ;
/*!50003 SET @saved_sql_mode       = @@sql_mode */ ;
/*!50003 SET sql_mode              = 'STRICT_TRANS_TABLES,NO_ENGINE_SUBSTITUTION' */ ;
DELIMITER ;;
CREATE   PROCEDURE `sp_ProductoModificar`(
in _idProducto int ,
in idProveedor int ,
in idCalificacion int ,
in nombreProducto varchar(300),
in descripcionProducto varchar(300),
in especificacionesProducto varchar(300),
in precioProducto float,
in fechaExpiracionProducto datetime,
in fechaIngresoProducto  datetime,
in cantidadStockProducto  float,
in colorProducto varchar(45),
in tamProducto varchar(45),
in alturaProducto varchar(45),
in anchoProducto varchar(45),
in volumenProducto  varchar(45),
in pesoProducto varchar(45),
in marcaProducto varchar(45),
in modeloProducto varchar(45),
in skuProducto varchar(45),
in codigoProducto varchar(45),
in tiempoGarantiaProducto varchar(45),
in fotoPrincipalProducto varchar(45),
in fotosGaleriaProducto varchar(45),
in cantidadClicksProducto int ,
in cantidadPetencialesComprasProducto int ,
in idUnidadMedida int ,
in idAfectacionIgv varchar(2)

)
BEGIN
 update productos 
 set 
 idProveedor = idProveedor,
idCalificacion = idCalificacion,
nombreProducto = nombreProducto,
descripcionProducto = descripcionProducto,
especificacionesProducto = especificacionesProducto,
precioProducto = precioProducto,
fechaExpiracionProducto = fechaExpiracionProducto,
fechaIngresoProducto = fechaIngresoProducto,
cantidadStockProducto = cantidadStockProducto,
colorProducto = colorProducto,
tamProducto = tamProducto,
alturaProducto = alturaProducto,
anchoProducto = anchoProducto,
volumenProducto = volumenProducto,
pesoProducto = pesoProducto,
marcaProducto = marcaProducto,
modeloProducto = modeloProducto,
skuProducto = skuProducto,
codigoProducto = codigoProducto,
tiempoGarantiaProducto = tiempoGarantiaProducto,
fotoPrincipalProducto = fotoPrincipalProducto,
fotosGaleriaProducto = fotosGaleriaProducto,
 
cantidadClicksProducto = cantidadClicksProducto,
cantidadPetencialesComprasProducto  =  cantidadPetencialesComprasProducto ,
idUnidadMedida=idUnidadMedida,
idAfectacionIgv=idAfectacionIgv
where idProducto=_idProducto ;
 
END ;;
DELIMITER ;
/*!50003 SET sql_mode              = @saved_sql_mode */ ;
/*!50003 SET character_set_client  = @saved_cs_client */ ;
/*!50003 SET character_set_results = @saved_cs_results */ ;
/*!50003 SET collation_connection  = @saved_col_connection */ ;
/*!50003 DROP PROCEDURE IF EXISTS `sp_ProveedorInsertar` */;
/*!50003 SET @saved_cs_client      = @@character_set_client */ ;
/*!50003 SET @saved_cs_results     = @@character_set_results */ ;
/*!50003 SET @saved_col_connection = @@collation_connection */ ;
/*!50003 SET character_set_client  = utf8mb4 */ ;
/*!50003 SET character_set_results = utf8mb4 */ ;
/*!50003 SET collation_connection  = utf8mb4_0900_ai_ci */ ;
/*!50003 SET @saved_sql_mode       = @@sql_mode */ ;
/*!50003 SET sql_mode              = 'STRICT_TRANS_TABLES,NO_ENGINE_SUBSTITUTION' */ ;
DELIMITER ;;
CREATE   PROCEDURE `sp_ProveedorInsertar`(
in nombreProveedor varchar(45),
in tipoDocumentoProveedor varchar(45),
in numeroDocumentoProveedor varchar(45)
)
BEGIN
	insert into proveedor(idProveedor,nombreProveedor,tipoDocumentoProveedor,numeroDocumentoProveedor)
values(idProveedor,nombreProveedor,tipoDocumentoProveedor,numeroDocumentoProveedor);
END ;;
DELIMITER ;
/*!50003 SET sql_mode              = @saved_sql_mode */ ;
/*!50003 SET character_set_client  = @saved_cs_client */ ;
/*!50003 SET character_set_results = @saved_cs_results */ ;
/*!50003 SET collation_connection  = @saved_col_connection */ ;
/*!50003 DROP PROCEDURE IF EXISTS `sp_ProveedorModificar` */;
/*!50003 SET @saved_cs_client      = @@character_set_client */ ;
/*!50003 SET @saved_cs_results     = @@character_set_results */ ;
/*!50003 SET @saved_col_connection = @@collation_connection */ ;
/*!50003 SET character_set_client  = utf8mb4 */ ;
/*!50003 SET character_set_results = utf8mb4 */ ;
/*!50003 SET collation_connection  = utf8mb4_0900_ai_ci */ ;
/*!50003 SET @saved_sql_mode       = @@sql_mode */ ;
/*!50003 SET sql_mode              = 'STRICT_TRANS_TABLES,NO_ENGINE_SUBSTITUTION' */ ;
DELIMITER ;;
CREATE   PROCEDURE `sp_ProveedorModificar`(
in idProveedor int,
in nombreProveedor varchar(45),
in tipoDocumentoProveedor varchar(45),
in numeroDocumentoProveedor varchar(45)
)
BEGIN
 
 update  proveedor
 set nombreProveedor =nombreProveedor ,
     tipoDocumentoProveedor= tipoDocumentoProveedor,
     numeroDocumentoProveedor=numeroDocumentoProveedor
 where idProveedor=idProveedor;

END ;;
DELIMITER ;
/*!50003 SET sql_mode              = @saved_sql_mode */ ;
/*!50003 SET character_set_client  = @saved_cs_client */ ;
/*!50003 SET character_set_results = @saved_cs_results */ ;
/*!50003 SET collation_connection  = @saved_col_connection */ ;
/*!50003 DROP PROCEDURE IF EXISTS `sp_ServicioGuardar` */;
/*!50003 SET @saved_cs_client      = @@character_set_client */ ;
/*!50003 SET @saved_cs_results     = @@character_set_results */ ;
/*!50003 SET @saved_col_connection = @@collation_connection */ ;
/*!50003 SET character_set_client  = utf8mb4 */ ;
/*!50003 SET character_set_results = utf8mb4 */ ;
/*!50003 SET collation_connection  = utf8mb4_0900_ai_ci */ ;
/*!50003 SET @saved_sql_mode       = @@sql_mode */ ;
/*!50003 SET sql_mode              = 'STRICT_TRANS_TABLES,NO_ENGINE_SUBSTITUTION' */ ;
DELIMITER ;;
CREATE   PROCEDURE `sp_ServicioGuardar`(
in idProveedor  int ,
in idCalificacion  int ,
in idHorario  int ,
in nombreServicio VARCHAR(200),
in descripcionServicio VARCHAR(200),
in precioServicio FLOAT,
in fechaExpiracionServicio datetime,
in cantidadStockServicio FLOAT,
in codigoServicio VARCHAR(45),
in tiempoGarantiaServicio VARCHAR(45),
in fotosGaleriaServicio  VARCHAR(45),
in  idUnidadMedida int,
in idAfectacionIgv varchar(2)

)
BEGIN

insert into servicios (idProveedor,idCalificacion,idHorario,nombreServicio,descripcionServicio,precioServicio,fechaExpiracionServicio,cantidadStockServicio,codigoServicio,tiempoGarantiaServicio,fotosGaleriaServicio,estadoServicio,idUnidadMedida,idAfectacionIgv)
values(idProveedor,idCalificacion,idHorario,nombreServicio,descripcionServicio,precioServicio,fechaExpiracionServicio,cantidadStockServicio,codigoServicio,tiempoGarantiaServicio,fotosGaleriaServicio,1,idUnidadMedida,idAfectacionIgv);


END ;;
DELIMITER ;
/*!50003 SET sql_mode              = @saved_sql_mode */ ;
/*!50003 SET character_set_client  = @saved_cs_client */ ;
/*!50003 SET character_set_results = @saved_cs_results */ ;
/*!50003 SET collation_connection  = @saved_col_connection */ ;
/*!50003 DROP PROCEDURE IF EXISTS `sp_ServicioListar` */;
/*!50003 SET @saved_cs_client      = @@character_set_client */ ;
/*!50003 SET @saved_cs_results     = @@character_set_results */ ;
/*!50003 SET @saved_col_connection = @@collation_connection */ ;
/*!50003 SET character_set_client  = utf8mb4 */ ;
/*!50003 SET character_set_results = utf8mb4 */ ;
/*!50003 SET collation_connection  = utf8mb4_0900_ai_ci */ ;
/*!50003 SET @saved_sql_mode       = @@sql_mode */ ;
/*!50003 SET sql_mode              = 'STRICT_TRANS_TABLES,NO_ENGINE_SUBSTITUTION' */ ;
DELIMITER ;;
CREATE   PROCEDURE `sp_ServicioListar`(
in _idServicio int
)
BEGIN

		if _idServicio != 0 then
			select ser.idServicio,ser.idProveedor,pro.numeroDocumentoProveedor,pro.nombreProveedor,
				ser.idCalificacion,ser.idHorario,
				ser.nombreServicio,ser.descripcionServicio,
				ser.precioServicio,ser.fechaExpiracionServicio,ser.cantidadStockServicio,ser.codigoServicio,
				ser.tiempoGarantiaServicio,ser.fotosGaleriaServicio,
                ser.estadoServicio,
                ifnull(ser.cantidadClicksServicio,0) as cantidadClicksServicio,
				ifnull(ser.cantidadPotencialesComprasServicio,0) as cantidadPotencialesComprasServicio
				,ifnull(ser.idUnidadMedida,0) idUnidadMedida, 
				ifnull(med.descripcion,'') descripcionUnm,
				ifnull(ser.idAfectacionIgv,''),
				ifnull(tip.afecIgvDescripcion,'')
            from servicios ser
			inner join proveedor pro on pro.idProveedor= ser.idProveedor
			left join calificacion cal on cal.idCalificacion=ser.idCalificacion
			left join horario hor on hor.horario_id=ser.idHorario
			left join unidad_medida med on ser.idUnidadMedida=med.id
			left join tipo_afectacion_igv tip on tip.afecIgvCodigo=ser.idAfectacionIgv
            where ser.idServicio = _idServicio and  ser.estadoServicio=1 
			;
	else
			select ser.idServicio,ser.idProveedor,pro.numeroDocumentoProveedor,pro.nombreProveedor,
				ser.idCalificacion,ser.idHorario,
				ser.nombreServicio,ser.descripcionServicio,
				ser.precioServicio,ser.fechaExpiracionServicio,ser.cantidadStockServicio,ser.codigoServicio,
				ser.tiempoGarantiaServicio,ser.fotosGaleriaServicio,
                ser.estadoServicio,
                ifnull(ser.cantidadClicksServicio,0) as cantidadClicksServicio,
				ifnull(ser.cantidadPotencialesComprasServicio,0) as cantidadPotencialesComprasServicio
				,ifnull(ser.idUnidadMedida,0) idUnidadMedida, 
				ifnull(med.descripcion,'') descripcionUnm,
				ifnull(ser.idAfectacionIgv,''),
				ifnull(tip.afecIgvDescripcion,'')
            from servicios ser
			inner join proveedor pro on pro.idProveedor= ser.idProveedor
			left join calificacion cal on cal.idCalificacion=ser.idCalificacion
			left join horario hor on hor.horario_id=ser.idHorario
			left join unidad_medida med on ser.idUnidadMedida=med.id
			left join tipo_afectacion_igv tip on tip.afecIgvCodigo=ser.idAfectacionIgv
	    where   ser.estadoServicio=1 ;
        
        end if;

END ;;
DELIMITER ;
/*!50003 SET sql_mode              = @saved_sql_mode */ ;
/*!50003 SET character_set_client  = @saved_cs_client */ ;
/*!50003 SET character_set_results = @saved_cs_results */ ;
/*!50003 SET collation_connection  = @saved_col_connection */ ;
/*!50003 DROP PROCEDURE IF EXISTS `sp_ServicioListarPorCodigo` */;
/*!50003 SET @saved_cs_client      = @@character_set_client */ ;
/*!50003 SET @saved_cs_results     = @@character_set_results */ ;
/*!50003 SET @saved_col_connection = @@collation_connection */ ;
/*!50003 SET character_set_client  = utf8mb4 */ ;
/*!50003 SET character_set_results = utf8mb4 */ ;
/*!50003 SET collation_connection  = utf8mb4_0900_ai_ci */ ;
/*!50003 SET @saved_sql_mode       = @@sql_mode */ ;
/*!50003 SET sql_mode              = 'STRICT_TRANS_TABLES,NO_ENGINE_SUBSTITUTION' */ ;
DELIMITER ;;
CREATE   PROCEDURE `sp_ServicioListarPorCodigo`(
in _codigoServicio varchar(30)
)
BEGIN
 
			select ser.idServicio,ser.idProveedor,pro.numeroDocumentoProveedor,pro.nombreProveedor,
				ser.idCalificacion,ser.idHorario,
				ser.nombreServicio,ser.descripcionServicio,
				ser.precioServicio,ser.fechaExpiracionServicio,ser.cantidadStockServicio,ser.codigoServicio,
				ser.tiempoGarantiaServicio,ser.fotosGaleriaServicio,
                ser.estadoServicio,
                ifnull(ser.cantidadClicksServicio,0) as cantidadClicksServicio,
				ifnull(ser.cantidadPotencialesComprasServicio,0) as cantidadPotencialesComprasServicio
				,ifnull(ser.idUnidadMedida,0) idUnidadMedida, 
				ifnull(med.descripcion,'') descripcionUnm,
                 ifnull(med.codfe,'') codfe,
				ifnull(ser.idAfectacionIgv,'') idAfectacionIgv,
				ifnull(tip.afecIgvDescripcion,'') afecIgvDescripcion,
                ifnull(tip.afecIgvTabla,'') afecIgvTabla,
				ifnull(tip.codNubeFact,'') codNubeFact
            from servicios ser
			inner join proveedor pro on pro.idProveedor= ser.idProveedor
			left join calificacion cal on cal.idCalificacion=ser.idCalificacion
			left join horario hor on hor.horario_id=ser.idHorario
            left join unidad_medida med on ser.idUnidadMedida=med.id
			left join tipo_afectacion_igv tip on tip.afecIgvCodigo=ser.idAfectacionIgv
            where (_codigoServicio is null or ser.codigoServicio = _codigoServicio) and  ser.estadoServicio=1 
			;
 
END ;;
DELIMITER ;
/*!50003 SET sql_mode              = @saved_sql_mode */ ;
/*!50003 SET character_set_client  = @saved_cs_client */ ;
/*!50003 SET character_set_results = @saved_cs_results */ ;
/*!50003 SET collation_connection  = @saved_col_connection */ ;
/*!50003 DROP PROCEDURE IF EXISTS `sp_ServicioModifcar` */;
/*!50003 SET @saved_cs_client      = @@character_set_client */ ;
/*!50003 SET @saved_cs_results     = @@character_set_results */ ;
/*!50003 SET @saved_col_connection = @@collation_connection */ ;
/*!50003 SET character_set_client  = utf8mb4 */ ;
/*!50003 SET character_set_results = utf8mb4 */ ;
/*!50003 SET collation_connection  = utf8mb4_0900_ai_ci */ ;
/*!50003 SET @saved_sql_mode       = @@sql_mode */ ;
/*!50003 SET sql_mode              = 'STRICT_TRANS_TABLES,NO_ENGINE_SUBSTITUTION' */ ;
DELIMITER ;;
CREATE   PROCEDURE `sp_ServicioModifcar`(
in _idServicio int,
in idProveedor  int ,
in idCalificacion  int ,
in idHorario  int ,
in nombreServicio VARCHAR(200),
in descripcionServicio VARCHAR(200),
in precioServicio FLOAT,
in fechaExpiracionServicio datetime,
in cantidadStockServicio FLOAT,
in codigoServicio VARCHAR(45),
in tiempoGarantiaServicio VARCHAR(45),
in fotosGaleriaServicio  VARCHAR(45),
in  idUnidadMedida int,
in idAfectacionIgv varchar(2)
)
BEGIN

update servicios
set  idProveedor = idProveedor,
	idCalificacion= idCalificacion,
	idHorario =idHorario,
	nombreServicio =nombreServicio,
	descripcionServicio =descripcionServicio,
	precioServicio =precioServicio,
	fechaExpiracionServicio =fechaExpiracionServicio,
	cantidadStockServicio =cantidadStockServicio,
	codigoServicio =codigoServicio,
	tiempoGarantiaServicio =tiempoGarantiaServicio,
	fotosGaleriaServicio =fotosGaleriaServicio,
    idUnidadMedida=idUnidadMedida,
    idAfectacionIgv=idAfectacionIgv
where idServicio=_idServicio;


END ;;
DELIMITER ;
/*!50003 SET sql_mode              = @saved_sql_mode */ ;
/*!50003 SET character_set_client  = @saved_cs_client */ ;
/*!50003 SET character_set_results = @saved_cs_results */ ;
/*!50003 SET collation_connection  = @saved_col_connection */ ;
/*!50003 DROP PROCEDURE IF EXISTS `sp_UsuarioInsertar` */;
/*!50003 SET @saved_cs_client      = @@character_set_client */ ;
/*!50003 SET @saved_cs_results     = @@character_set_results */ ;
/*!50003 SET @saved_col_connection = @@collation_connection */ ;
/*!50003 SET character_set_client  = utf8mb4 */ ;
/*!50003 SET character_set_results = utf8mb4 */ ;
/*!50003 SET collation_connection  = utf8mb4_0900_ai_ci */ ;
/*!50003 SET @saved_sql_mode       = @@sql_mode */ ;
/*!50003 SET sql_mode              = 'STRICT_TRANS_TABLES,NO_ENGINE_SUBSTITUTION' */ ;
DELIMITER ;;
CREATE   PROCEDURE `sp_UsuarioInsertar`(
in usuario_nombre varchar(50),
in usuario_apellido  varchar(50),
in usuario_email  varchar(50),
in usuario_clave varchar(50),
in usuario_dni varchar(50),
in usuario_celular varchar(50),
in perfil_id int,
in tipo_doc_id int,
in direccion varchar(50)
)
BEGIN
		
        insert into usuario (usuario_nombre,usuario_apellido,usuario_email,usuario_clave,usuario_dni,usuario_celular,perfil_id,tipo_doc_id,direccion)
        values(usuario_nombre,usuario_apellido,usuario_email,usuario_clave,usuario_dni,usuario_celular,perfil_id,tipo_doc_id,direccion);
END ;;
DELIMITER ;
/*!50003 SET sql_mode              = @saved_sql_mode */ ;
/*!50003 SET character_set_client  = @saved_cs_client */ ;
/*!50003 SET character_set_results = @saved_cs_results */ ;
/*!50003 SET collation_connection  = @saved_col_connection */ ;
/*!50003 DROP PROCEDURE IF EXISTS `sp_UsuarioListar` */;
/*!50003 SET @saved_cs_client      = @@character_set_client */ ;
/*!50003 SET @saved_cs_results     = @@character_set_results */ ;
/*!50003 SET @saved_col_connection = @@collation_connection */ ;
/*!50003 SET character_set_client  = utf8mb4 */ ;
/*!50003 SET character_set_results = utf8mb4 */ ;
/*!50003 SET collation_connection  = utf8mb4_0900_ai_ci */ ;
/*!50003 SET @saved_sql_mode       = @@sql_mode */ ;
/*!50003 SET sql_mode              = 'STRICT_TRANS_TABLES,NO_ENGINE_SUBSTITUTION' */ ;
DELIMITER ;;
CREATE   PROCEDURE `sp_UsuarioListar`(
in _usuario_id int 
)
BEGIN
if _usuario_id != 0 then
select usu.usuario_id,ifnull(usu.usuario_nombre,'') usuario_nombre,
ifnull(usu.usuario_apellido,'') as usuario_apellido,ifnull(usu.usuario_email,'') usuario_email, 
ifnull(usu.usuario_clave,'')usuario_clave,ifnull(usu.usuario_dni,'') usuario_dni, 
ifnull(usu.usuario_celular,'') usuario_celular,ifnull(usu.usuario_img,'') usuario_img,
ifnull(usu.perfil_id,'') perfil_id,per.perfil_nombre,
ifnull(usu.usuario_activo,0) usuario_activo, 
ifnull(usu.usuario_eliminado,0) usuario_eliminado,
ifnull(usu.tipo_doc_id,0) as tipo_doc_id,
ifnull(doc.descripcion,'') descripcion,
ifnull(usu.direccion,'') direccion
from usuario usu
inner join perfil per on per.perfil_id = usu.perfil_id
left join documento doc on doc.id= usu.tipo_doc_id

where usuario_id=_usuario_id	;
else
select usu.usuario_id,ifnull(usu.usuario_nombre,'') usuario_nombre,
ifnull(usu.usuario_apellido,'') as usuario_apellido,ifnull(usu.usuario_email,'') usuario_email, 
ifnull(usu.usuario_clave,'')usuario_clave,ifnull(usu.usuario_dni,'') usuario_dni, 
ifnull(usu.usuario_celular,'') usuario_celular,ifnull(usu.usuario_img,'') usuario_img,
ifnull(usu.perfil_id,'') perfil_id,per.perfil_nombre,
ifnull(usu.usuario_activo,0) usuario_activo, 
ifnull(usu.usuario_eliminado,0) usuario_eliminado  ,
ifnull(usu.tipo_doc_id,0) as tipo_doc_id,
ifnull(doc.descripcion,'') descripcion,
ifnull(usu.direccion,'') direccion
from usuario usu
inner join perfil per on per.perfil_id = usu.perfil_id
left join documento doc on doc.id= usu.tipo_doc_id
;
end if;

END ;;
DELIMITER ;
/*!50003 SET sql_mode              = @saved_sql_mode */ ;
/*!50003 SET character_set_client  = @saved_cs_client */ ;
/*!50003 SET character_set_results = @saved_cs_results */ ;
/*!50003 SET collation_connection  = @saved_col_connection */ ;
/*!50003 DROP PROCEDURE IF EXISTS `sp_UsuarioListarPorPerfil` */;
/*!50003 SET @saved_cs_client      = @@character_set_client */ ;
/*!50003 SET @saved_cs_results     = @@character_set_results */ ;
/*!50003 SET @saved_col_connection = @@collation_connection */ ;
/*!50003 SET character_set_client  = utf8mb4 */ ;
/*!50003 SET character_set_results = utf8mb4 */ ;
/*!50003 SET collation_connection  = utf8mb4_0900_ai_ci */ ;
/*!50003 SET @saved_sql_mode       = @@sql_mode */ ;
/*!50003 SET sql_mode              = 'STRICT_TRANS_TABLES,NO_ENGINE_SUBSTITUTION' */ ;
DELIMITER ;;
CREATE   PROCEDURE `sp_UsuarioListarPorPerfil`(
in _usuario_dni varchar(20),
in _perfil_id int
)
BEGIN
 
select usu.usuario_id,ifnull(usu.usuario_nombre,'') usuario_nombre,
ifnull(usu.usuario_apellido,'') as usuario_apellido,ifnull(usu.usuario_email,'') usuario_email, 
ifnull(usu.usuario_clave,'')usuario_clave,ifnull(usu.usuario_dni,'') usuario_dni, 
ifnull(usu.usuario_celular,'') usuario_celular,ifnull(usu.usuario_img,'') usuario_img,
ifnull(usu.perfil_id,'') perfil_id,per.perfil_nombre,
ifnull(usu.usuario_activo,0) usuario_activo, 
ifnull(usu.usuario_eliminado,0) usuario_eliminado,
ifnull(usu.tipo_doc_id,0) as tipo_doc_id,
ifnull(doc.descripcion,'') descripcion,
ifnull(doc.codsunat,'') tipDoccodsunat,
ifnull(usu.direccion,'') direccion
from usuario usu
inner join perfil per on per.perfil_id = usu.perfil_id
left join documento doc on doc.id= usu.tipo_doc_id

where  (_usuario_dni IS NULL OR usu.usuario_dni = _usuario_dni) and (_perfil_id IS NULL OR  usu.perfil_id = _perfil_id);

END ;;
DELIMITER ;
/*!50003 SET sql_mode              = @saved_sql_mode */ ;
/*!50003 SET character_set_client  = @saved_cs_client */ ;
/*!50003 SET character_set_results = @saved_cs_results */ ;
/*!50003 SET collation_connection  = @saved_col_connection */ ;
/*!50003 DROP PROCEDURE IF EXISTS `sp_UsuarioModificar` */;
/*!50003 SET @saved_cs_client      = @@character_set_client */ ;
/*!50003 SET @saved_cs_results     = @@character_set_results */ ;
/*!50003 SET @saved_col_connection = @@collation_connection */ ;
/*!50003 SET character_set_client  = utf8mb4 */ ;
/*!50003 SET character_set_results = utf8mb4 */ ;
/*!50003 SET collation_connection  = utf8mb4_0900_ai_ci */ ;
/*!50003 SET @saved_sql_mode       = @@sql_mode */ ;
/*!50003 SET sql_mode              = 'STRICT_TRANS_TABLES,NO_ENGINE_SUBSTITUTION' */ ;
DELIMITER ;;
CREATE   PROCEDURE `sp_UsuarioModificar`(
in _usuario_id int,
in _usuario_nombre varchar(50),
in _usuario_apellido  varchar(50),
in _usuario_email  varchar(50),
in _usuario_clave varchar(50),
in _usuario_dni varchar(50),
in _usuario_celular varchar(50),
in _perfil_id int,
in _tipo_doc_id int,
in _direccion varchar(50)
)
BEGIN
		
       update usuario 
       set usuario_nombre= _usuario_nombre,
       usuario_apellido= _usuario_apellido,
       usuario_email= _usuario_email,
       usuario_clave= _usuario_clave,
       usuario_dni= _usuario_dni,
       usuario_celular= _usuario_celular,
       perfil_id= _perfil_id,
       tipo_doc_id=_tipo_doc_id,
       direccion=_direccion
       where usuario_id=_usuario_id;
    
END ;;
DELIMITER ;
/*!50003 SET sql_mode              = @saved_sql_mode */ ;
/*!50003 SET character_set_client  = @saved_cs_client */ ;
/*!50003 SET character_set_results = @saved_cs_results */ ;
/*!50003 SET collation_connection  = @saved_col_connection */ ;
/*!50003 DROP PROCEDURE IF EXISTS `sp_VentaCabInsertar` */;
/*!50003 SET @saved_cs_client      = @@character_set_client */ ;
/*!50003 SET @saved_cs_results     = @@character_set_results */ ;
/*!50003 SET @saved_col_connection = @@collation_connection */ ;
/*!50003 SET character_set_client  = utf8mb4 */ ;
/*!50003 SET character_set_results = utf8mb4 */ ;
/*!50003 SET collation_connection  = utf8mb4_0900_ai_ci */ ;
/*!50003 SET @saved_sql_mode       = @@sql_mode */ ;
/*!50003 SET sql_mode              = 'STRICT_TRANS_TABLES,NO_ENGINE_SUBSTITUTION' */ ;
DELIMITER ;;
CREATE   PROCEDURE `sp_VentaCabInsertar`(
out _id int,
in comprobante_id int,
in serie varchar(4),
in numero varchar(8),
in fechaEmision datetime,
in cliente_id int,
in modena_id int,
in tipo_cambio_monto float,
in total_gravada  float,
in total_inafecta float,
in total_exonerada float,
in total_igv float,
in total_gratuita float,
in total_otros_cargos float,
in total  float,
in glosa varchar(300),
in vendedor_id int
)
BEGIN
	insert into venta_cab (comprobante_id,serie,numero,fechaEmision,cliente_id,modena_id,tipo_cambio_monto,total_gravada,total_inafecta,total_exonerada,total_igv,total_gratuita,total_otros_cargos,total,estado,glosa,vendedor_id)
	values(comprobante_id,serie,numero,fechaEmision,cliente_id,modena_id,tipo_cambio_monto,total_gravada,total_inafecta,total_exonerada,total_igv,total_gratuita,total_otros_cargos,total,1,glosa,vendedor_id);
	set _id = last_insert_id();
END ;;
DELIMITER ;
/*!50003 SET sql_mode              = @saved_sql_mode */ ;
/*!50003 SET character_set_client  = @saved_cs_client */ ;
/*!50003 SET character_set_results = @saved_cs_results */ ;
/*!50003 SET collation_connection  = @saved_col_connection */ ;
/*!50003 DROP PROCEDURE IF EXISTS `sp_VentaCabListar` */;
/*!50003 SET @saved_cs_client      = @@character_set_client */ ;
/*!50003 SET @saved_cs_results     = @@character_set_results */ ;
/*!50003 SET @saved_col_connection = @@collation_connection */ ;
/*!50003 SET character_set_client  = utf8mb4 */ ;
/*!50003 SET character_set_results = utf8mb4 */ ;
/*!50003 SET collation_connection  = utf8mb4_0900_ai_ci */ ;
/*!50003 SET @saved_sql_mode       = @@sql_mode */ ;
/*!50003 SET sql_mode              = 'STRICT_TRANS_TABLES,NO_ENGINE_SUBSTITUTION' */ ;
DELIMITER ;;
CREATE   PROCEDURE `sp_VentaCabListar`(
in _id int 
)
BEGIN

if _id!=0 then
select  
	cab.id,
	cab.comprobante_id,com.descripcion,com.codsunat,
	cab.serie,
	cab.numero,
	cab.fechaEmision,
	cab.cliente_id,concat(usu.usuario_nombre ," " , usu.usuario_apellido) as cliente,usu.usuario_dni,
	doc.id,doc.descripcion,doc.codsunat,
	cab.modena_id,mon.descripcion,mon.codsunat,
    cab.tipo_cambio_monto,
    ifnull(cab.igv_tasa_porcentaje,0) igv_tasa_porcentaje,
	ifnull(cab.total_gravada,0) total_gravada,
	ifnull(cab.total_inafecta,0) total_inafecta,
	ifnull(cab.total_exonerada,0) total_exonerada,
	ifnull(cab.total_igv,0) total_igv,
	ifnull(cab.total_gratuita,0) total_gratuita,
	ifnull(cab.total_otros_cargos,0) total_otros_cargos,
	ifnull(cab.total,0) total,
	cab.estado,
    ifnull(cab.glosa,'') as glosa,
    ifnull(cab.aceptado_por_sunat,0) as aceptado_por_sunat,
    ifnull(cab.vendedor_id,0) as vendedor_id
from venta_cab cab
inner join comprobante com on com.id=cab.comprobante_id
inner join usuario usu on usu.usuario_id= cab.cliente_id
inner join documento doc on doc.id =usu.tipo_doc_id
inner join moneda mon on mon.id=cab.modena_id
where cab.id= _id and  cab.estado=1;

else 
select  
	cab.id,
	cab.comprobante_id,com.descripcion,com.codsunat,
	cab.serie,
	cab.numero,
	cab.fechaEmision,
	cab.cliente_id,concat(usu.usuario_nombre ," " , usu.usuario_apellido) as cliente,usu.usuario_dni,
	doc.id,doc.descripcion,doc.codsunat,
	cab.modena_id,mon.descripcion,mon.codsunat,
    cab.tipo_cambio_monto,
    ifnull(cab.igv_tasa_porcentaje,0) igv_tasa_porcentaje,
	ifnull(cab.total_gravada,0) total_gravada,
	ifnull(cab.total_inafecta,0) total_inafecta,
	ifnull(cab.total_exonerada,0) total_exonerada,
	ifnull(cab.total_igv,0) total_igv,
	ifnull(cab.total_gratuita,0) total_gratuita,
	ifnull(cab.total_otros_cargos,0) total_otros_cargos,
	ifnull(cab.total,0) total,
	cab.estado,
     ifnull(cab.glosa,'') as glosa,
	ifnull(cab.aceptado_por_sunat,0) as aceptado_por_sunat
from venta_cab cab
inner join comprobante com on com.id=cab.comprobante_id
inner join usuario usu on usu.usuario_id= cab.cliente_id
inner join documento doc on doc.id =usu.tipo_doc_id
inner join moneda mon on mon.id=cab.modena_id
where   cab.estado=1;

end if;

END ;;
DELIMITER ;
/*!50003 SET sql_mode              = @saved_sql_mode */ ;
/*!50003 SET character_set_client  = @saved_cs_client */ ;
/*!50003 SET character_set_results = @saved_cs_results */ ;
/*!50003 SET collation_connection  = @saved_col_connection */ ;
/*!50003 DROP PROCEDURE IF EXISTS `sp_VentaCabModificar` */;
/*!50003 SET @saved_cs_client      = @@character_set_client */ ;
/*!50003 SET @saved_cs_results     = @@character_set_results */ ;
/*!50003 SET @saved_col_connection = @@collation_connection */ ;
/*!50003 SET character_set_client  = utf8mb4 */ ;
/*!50003 SET character_set_results = utf8mb4 */ ;
/*!50003 SET collation_connection  = utf8mb4_0900_ai_ci */ ;
/*!50003 SET @saved_sql_mode       = @@sql_mode */ ;
/*!50003 SET sql_mode              = 'STRICT_TRANS_TABLES,NO_ENGINE_SUBSTITUTION' */ ;
DELIMITER ;;
CREATE   PROCEDURE `sp_VentaCabModificar`(
in _id int,
in comprobante_id int,
in serie varchar(4),
in numero varchar(8),
in fechaEmision datetime,
in cliente_id int,
in modena_id int,
in tipo_cambio_monto float,
in total_gravada  float,
in total_inafecta float,
in total_exonerada float,
in total_igv float,
in total_gratuita float,
in total_otros_cargos float,
in total  float,
in glosa varchar(300),
in vendedor_id int
)
BEGIN
	update venta_cab 
     set comprobante_id = comprobante_id,
     serie = serie,
     numero = numero,
     fechaEmision = fechaEmision,
     cliente_id = cliente_id,
     modena_id = modena_id,
     tipo_cambio_monto = tipo_cambio_monto,
     total_gravada = total_gravada,
     total_inafecta = total_inafecta,
     total_exonerada = total_exonerada,
     total_igv = total_igv,
     total_gratuita = total_gratuita,
     total_otros_cargos = total_otros_cargos,
     total = total,
     glosa=glosa,
     vendedor_id=vendedor_id
     where id=_id ;
   
	delete from venta_det where id_venta_cab = _id;
 
END ;;
DELIMITER ;
/*!50003 SET sql_mode              = @saved_sql_mode */ ;
/*!50003 SET character_set_client  = @saved_cs_client */ ;
/*!50003 SET character_set_results = @saved_cs_results */ ;
/*!50003 SET collation_connection  = @saved_col_connection */ ;
/*!50003 DROP PROCEDURE IF EXISTS `sp_VentaDetInsertar` */;
/*!50003 SET @saved_cs_client      = @@character_set_client */ ;
/*!50003 SET @saved_cs_results     = @@character_set_results */ ;
/*!50003 SET @saved_col_connection = @@collation_connection */ ;
/*!50003 SET character_set_client  = utf8mb4 */ ;
/*!50003 SET character_set_results = utf8mb4 */ ;
/*!50003 SET collation_connection  = utf8mb4_0900_ai_ci */ ;
/*!50003 SET @saved_sql_mode       = @@sql_mode */ ;
/*!50003 SET sql_mode              = 'STRICT_TRANS_TABLES,NO_ENGINE_SUBSTITUTION' */ ;
DELIMITER ;;
CREATE   PROCEDURE `sp_VentaDetInsertar`(
in id_venta_cab int,
in id int,
in tipo_prod_ser_id int,
in prod_serv_id int,
in unidad_medida_id int,
in cantidad float,
in valor_unitario float,
in precio_unitario float,
in subtotal float,
in tipo_de_igv float,
in igv float,
in total float
)
BEGIN
	insert into venta_det(id_venta_cab,id,tipo_prod_ser_id,prod_serv_id,unidad_medida_id,cantidad,valor_unitario,precio_unitario,subtotal,tipo_de_igv,igv,total)
    values (id_venta_cab,id,tipo_prod_ser_id,prod_serv_id,unidad_medida_id,cantidad,valor_unitario,precio_unitario,subtotal,tipo_de_igv,igv,total)
;
END ;;
DELIMITER ;
/*!50003 SET sql_mode              = @saved_sql_mode */ ;
/*!50003 SET character_set_client  = @saved_cs_client */ ;
/*!50003 SET character_set_results = @saved_cs_results */ ;
/*!50003 SET collation_connection  = @saved_col_connection */ ;
/*!50003 DROP PROCEDURE IF EXISTS `sp_VentaDetListar` */;
/*!50003 SET @saved_cs_client      = @@character_set_client */ ;
/*!50003 SET @saved_cs_results     = @@character_set_results */ ;
/*!50003 SET @saved_col_connection = @@collation_connection */ ;
/*!50003 SET character_set_client  = utf8mb4 */ ;
/*!50003 SET character_set_results = utf8mb4 */ ;
/*!50003 SET collation_connection  = utf8mb4_0900_ai_ci */ ;
/*!50003 SET @saved_sql_mode       = @@sql_mode */ ;
/*!50003 SET sql_mode              = 'STRICT_TRANS_TABLES,NO_ENGINE_SUBSTITUTION' */ ;
DELIMITER ;;
CREATE   PROCEDURE `sp_VentaDetListar`(
in _id_venta_cab int
)
BEGIN
select det.id_venta_cab,
		det.id,
        det.tipo_prod_ser_id,tipr.descripcion,
		det.prod_serv_id,
        case when det.tipo_prod_ser_id =1 then prod.codigoProducto  else serv.codigoServicio  end as codProdServ,
        case when det.tipo_prod_ser_id =1 then prod.nombreProducto else serv.nombreServicio end as nombreProdServ,
		det.unidad_medida_id,unm.descripcion,unm.codfe,
		det.cantidad,
		det.valor_unitario,
		det.precio_unitario,
		det.subtotal,
		det.tipo_de_igv,tipaf.afecIgvDescripcion,tipaf.afecIgvTabla,
		det.igv,det.total 
from venta_det det
inner join tipo_producto tipr on tipr.id=det.tipo_prod_ser_id
inner join productos prod on prod.idProducto =det.prod_serv_id
inner join servicios serv on serv.idServicio=det.prod_serv_id
inner join unidad_medida unm on unm.id=det.unidad_medida_id
inner join tipo_afectacion_igv tipaf on tipaf.afecIgvCodigo =det.tipo_de_igv
where det.id_venta_cab=_id_venta_cab;
END ;;
DELIMITER ;
/*!50003 SET sql_mode              = @saved_sql_mode */ ;
/*!50003 SET character_set_client  = @saved_cs_client */ ;
/*!50003 SET character_set_results = @saved_cs_results */ ;
/*!50003 SET collation_connection  = @saved_col_connection */ ;
/*!50003 DROP PROCEDURE IF EXISTS `sp_VentaReporte` */;
/*!50003 SET @saved_cs_client      = @@character_set_client */ ;
/*!50003 SET @saved_cs_results     = @@character_set_results */ ;
/*!50003 SET @saved_col_connection = @@collation_connection */ ;
/*!50003 SET character_set_client  = utf8mb4 */ ;
/*!50003 SET character_set_results = utf8mb4 */ ;
/*!50003 SET collation_connection  = utf8mb4_0900_ai_ci */ ;
/*!50003 SET @saved_sql_mode       = @@sql_mode */ ;
/*!50003 SET sql_mode              = 'STRICT_TRANS_TABLES,NO_ENGINE_SUBSTITUTION' */ ;
DELIMITER ;;
CREATE   PROCEDURE `sp_VentaReporte`(
in _desde datetime  ,
in _hasta datetime,
in _cliente int
)
BEGIN
 
 
		 select  
			cab.id,
			cab.comprobante_id,
            com.descripcion comprobante_desc,
            com.codsunat comprobante_sunat,
			cab.serie,
			cab.numero,
			cab.fechaEmision,
			cab.cliente_id,
            concat(usu.usuario_nombre ," " , usu.usuario_apellido) as cliente,
            usu.usuario_dni,
			doc.id doc_id,
            doc.descripcion documento_desc,
            doc.codsunat documento_sunat,
			cab.modena_id,
            mon.descripcion moneda_desc,
            mon.codsunat moneda_sunat,
			cab.tipo_cambio_monto,
			ifnull(cab.igv_tasa_porcentaje,0) igv_tasa_porcentaje,
			ifnull(cab.total_gravada,0) total_gravada,
			ifnull(cab.total_inafecta,0) total_inafecta,
			ifnull(cab.total_exonerada,0) total_exonerada,
			ifnull(cab.total_igv,0) total_igv,
			ifnull(cab.total_gratuita,0) total_gratuita,
			ifnull(cab.total_otros_cargos,0) total_otros_cargos,
			ifnull(cab.total,0) total,
			cab.estado,
			ifnull(cab.glosa,'') as glosa,
			ifnull(cab.aceptado_por_sunat,0) as aceptado_por_sunat,
			ifnull(cab.vendedor_id,0) as vendedor_id
      
		from venta_cab cab
		inner join comprobante com on com.id=cab.comprobante_id
		inner join usuario usu on usu.usuario_id= cab.cliente_id
		inner join documento doc on doc.id =usu.tipo_doc_id
		inner join moneda mon on mon.id=cab.modena_id
		where    (cab.fechaEmision between  _desde and _hasta) and 
				(_cliente = 0 or cab.cliente_id = _cliente)  
			;
 

  

END ;;
DELIMITER ;
/*!50003 SET sql_mode              = @saved_sql_mode */ ;
/*!50003 SET character_set_client  = @saved_cs_client */ ;
/*!50003 SET character_set_results = @saved_cs_results */ ;
/*!50003 SET collation_connection  = @saved_col_connection */ ;
/*!50003 DROP PROCEDURE IF EXISTS `sp_VentaReportePivotDetallado` */;
/*!50003 SET @saved_cs_client      = @@character_set_client */ ;
/*!50003 SET @saved_cs_results     = @@character_set_results */ ;
/*!50003 SET @saved_col_connection = @@collation_connection */ ;
/*!50003 SET character_set_client  = utf8mb4 */ ;
/*!50003 SET character_set_results = utf8mb4 */ ;
/*!50003 SET collation_connection  = utf8mb4_0900_ai_ci */ ;
/*!50003 SET @saved_sql_mode       = @@sql_mode */ ;
/*!50003 SET sql_mode              = 'STRICT_TRANS_TABLES,NO_ENGINE_SUBSTITUTION' */ ;
DELIMITER ;;
CREATE   PROCEDURE `sp_VentaReportePivotDetallado`(
in _desde datetime  ,
in _hasta datetime,
in _cliente int
)
BEGIN
 
 
		 select  
			cab.id,
			cab.comprobante_id,
            com.descripcion comprobante_desc,
            com.codsunat comprobante_sunat,
			cab.serie,
			cab.numero,
			cab.fechaEmision,
			cab.cliente_id,
            concat(usu.usuario_nombre ," " , usu.usuario_apellido) as cliente,
            usu.usuario_dni,
			doc.id doc_id,
            doc.descripcion documento_desc,
            doc.codsunat documento_sunat,
			cab.modena_id,
            mon.descripcion moneda_desc,
            mon.codsunat moneda_sunat,
			cab.tipo_cambio_monto,
			ifnull(cab.igv_tasa_porcentaje,0) igv_tasa_porcentaje,
			ifnull(cab.total_gravada,0) total_gravada,
			ifnull(cab.total_inafecta,0) total_inafecta,
			ifnull(cab.total_exonerada,0) total_exonerada,
			ifnull(cab.total_igv,0) total_igv,
			ifnull(cab.total_gratuita,0) total_gratuita,
			ifnull(cab.total_otros_cargos,0) total_otros_cargos,
			ifnull(cab.total,0) total,
			cab.estado,
			ifnull(cab.glosa,'') as glosa,
			ifnull(cab.aceptado_por_sunat,0) as aceptado_por_sunat,
			ifnull(cab.vendedor_id,0) as vendedor_id,
      		det.id,
			det.tipo_prod_ser_id,tipr.descripcion,
			det.prod_serv_id,
			case when det.tipo_prod_ser_id =1 then prod.codigoProducto  else serv.codigoServicio  end as codProdServ,
			case when det.tipo_prod_ser_id =1 then prod.nombreProducto else serv.nombreServicio end as nombreProdServ,
			det.unidad_medida_id,unm.descripcion,unm.codfe,
			det.cantidad,
			det.valor_unitario,
			det.precio_unitario,
			det.subtotal,
			-- det.tipo_de_igv,tipaf.afecIgvDescripcion,tipaf.afecIgvTabla,
			det.igv,det.total 
        
		from venta_cab cab
		inner join comprobante com on com.id=cab.comprobante_id
		inner join usuario usu on usu.usuario_id= cab.cliente_id
		inner join documento doc on doc.id =usu.tipo_doc_id
		inner join moneda mon on mon.id=cab.modena_id
        --
        inner join venta_det det on det.id_venta_cab = cab.id
        inner join tipo_producto tipr on tipr.id=det.tipo_prod_ser_id
		inner join productos prod on prod.idProducto =det.prod_serv_id
		inner join servicios serv on serv.idServicio=det.prod_serv_id
		inner join unidad_medida unm on unm.id=det.unidad_medida_id
		inner join tipo_afectacion_igv tipaf on tipaf.afecIgvCodigo =det.tipo_de_igv

		where    (cab.fechaEmision between  _desde and _hasta) and 
				(_cliente = 0 or cab.cliente_id = _cliente)  
			;
 

  

END ;;
DELIMITER ;
/*!50003 SET sql_mode              = @saved_sql_mode */ ;
/*!50003 SET character_set_client  = @saved_cs_client */ ;
/*!50003 SET character_set_results = @saved_cs_results */ ;
/*!50003 SET collation_connection  = @saved_col_connection */ ;
/*!40103 SET TIME_ZONE=@OLD_TIME_ZONE */;

/*!40101 SET SQL_MODE=@OLD_SQL_MODE */;
/*!40014 SET FOREIGN_KEY_CHECKS=@OLD_FOREIGN_KEY_CHECKS */;
/*!40014 SET UNIQUE_CHECKS=@OLD_UNIQUE_CHECKS */;
/*!40101 SET CHARACTER_SET_CLIENT=@OLD_CHARACTER_SET_CLIENT */;
/*!40101 SET CHARACTER_SET_RESULTS=@OLD_CHARACTER_SET_RESULTS */;
/*!40101 SET COLLATION_CONNECTION=@OLD_COLLATION_CONNECTION */;
/*!40111 SET SQL_NOTES=@OLD_SQL_NOTES */;

-- Dump completed on 2020-09-16  9:45:41
